,Genes,row_mean.QH_H,row_mean.QH_L,row_mean.QHf_H,row_mean.QHf_L,row_mean.QHi_H,row_mean.QHi_L
1,ACTB,21253552,18163364,2911.832601,747500.3333,1938.303223,629791.9583
2,TUBB4B,3374970.167,7230950.833,1354.161011,411560.1771,1049.47345,399740.0105
3,H3C1;H3-3A;H3-4;H3C15,31543.77197,7440458.333,NA,330196.75,NA,311647.5104
4,H4C1,1005523.401,6083604.5,NA,246213.9479,NA,225543.5156
5,H2AC11;H2AC6;H2AC12;H2AC14;H2AJ,1385934.719,20190396.33,NA,297975.1927,NA,244995.3125
6,TUBA1A,2089388.375,7168489.333,NA,145984.5573,NA,162524.9844
7,EEF1A1,2895346.25,3865234.417,1200.041951,107011.1667,NA,136065.9401
8,NEFM,891424.625,1373906.292,NA,125118.888,NA,87686.17188
9,TUBB6,461878.2708,1617622.583,NA,118081.8672,NA,92536.02343
10,TUBB,679723.7396,2562869.667,NA,90716.96095,NA,77059.40886
11,DPYSL2,2093618.25,3291821.917,NA,116859.1745,NA,76663.94792
12,ATP5F1A,317650.4531,2963153.75,NA,81446.49479,NA,79253.15365
13,INA,308050.8073,1628035.667,NA,143324.7214,NA,77858.15886
14,CRMP1,481081.3334,1789190.229,NA,70519.76042,NA,56058.46615
15,PKM,1343611.771,5530726.5,NA,111165.7604,NA,65921.48047
16,HSP90AB1,2227970.042,3109827.917,1388.612589,78101.39713,NA,57782.03776
17,TUBB2A,286402.2579,1588420.646,NA,94425.95574,NA,59217.6276
18,HNRNPA2B1,1547459.042,3282987.25,NA,65683.10026,NA,48706.52083
19,HSPA1A;HSPA1B,2545216.917,2476166.833,1058.814514,68901.35417,NA,45809.96485
20,NEFL,208998.6797,889744.3958,NA,70057.22917,NA,42425.66276
21,TUBB2B,736625.4479,774837.5833,NA,61718.14974,NA,42801.03125
22,RPS27A,303074.8073,2476063.708,3401.68514,61905.47917,1796.872559,42038.95052
23,HSPA8,1453767.708,1345053.958,NA,53982.61719,NA,37949.47005
24,HNRNPU,54638.20581,806890.75,NA,23134.22461,NA,33512.68359
25,YWHAB,1273999.208,1275700.438,NA,38961.97396,NA,30052.22917
26,DPYSL3,2986799.667,2370293.458,NA,52116.34245,NA,31261.27344
27,HSP90AA1,371206.9688,694104.6563,NA,35802.81901,NA,32562.40625
28,ATP5F1B,275019.8262,244246.875,NA,30102.27279,NA,31379.16602
29,TUBB3,139445.9531,420279.25,NA,49933.2513,NA,36767.27083
30,CFL1,175145.5357,339203.2813,NA,44761.04557,NA,27699.4681
31,NPM1,114920.2686,653932.3021,NA,25148.76302,NA,31182.08333
32,HNRNPD,838386.5208,1207644.75,NA,28047.73242,NA,24634.41992
33,VIM,433943.599,980235.6667,NA,42181.45964,NA,25930.23828
34,TPI1,283815.4479,966864.4377,NA,37589.0306,NA,23181.83333
35,HNRNPK,2713784.333,1648078.333,NA,44306.60417,NA,28407.57617
36,SRSF1,77137.22658,2251475.167,NA,30521.89779,NA,23756.56901
37,ATP1A3,685571.7188,1890653.083,6157.590331,44025.30078,1201.614258,26357.93815
38,PPIA,825127.2865,478150.4375,NA,29234.18685,NA,24167.85482
39,MDH1,1102456.219,1239636.292,NA,40178.60286,NA,22119.54818
40,SRSF3,231418.2813,4310771.083,NA,19171.41699,NA,23711.08073
41,YWHAG,2298823.958,1235374.708,NA,33819.03646,NA,23464.847
42,YWHAZ,2047452.313,1497077.479,NA,30366.48698,NA,21182.03451
43,HSPD1,98416.69793,1192112.583,NA,30369.14193,NA,23709.00065
44,HNRNPH1,1098641.896,981317.0833,NA,19883.27279,NA,23975.38086
45,ALDOA,261604.7682,834350.2917,NA,26625.81185,NA,19687.97168
46,PRDX5,260476.7136,1208166.063,NA,22131.37956,NA,21793.98893
47,YWHAE,367955.6354,721127.6146,NA,30194.99414,NA,19335.52018
48,GNB2,177226.9844,1025738.365,NA,28012.51562,NA,22786.48959
49,GAPDH,371040.7083,2245616.25,NA,34784.00586,NA,29263.03516
50,MAP1B,707654.1979,986210.4479,NA,36701.76628,NA,22375.3138
51,RAN,80797.50097,1130247.542,NA,20139.74219,NA,20153.59049
52,RTN4,101360.2057,512629.349,NA,31968.17708,NA,19660.81901
53,HNRNPC,402432.7657,571335.4688,NA,19883.80078,NA,19795.21224
54,PCBP2,1790534.5,825956.25,NA,20373.32097,NA,20703.94531
55,H1-3,28845.31983,2038192.25,NA,32888.58138,NA,18196.02409
56,STIP1,851396.8646,814539.0313,NA,30358.08724,NA,19801.77409
57,ACTC1,6755210.25,3699212.208,NA,18163.20833,NA,18830.26302
58,VAT1,209450.6797,790519.8906,NA,19904.97396,NA,16748.11849
59,GAP43,123902.8281,100235.7721,NA,33352.73112,NA,16031.77474
60,SPTAN1,339054.026,460864.5834,NA,29833.11914,NA,16330.70019
61,HDGFL3,308812.3047,1202098.969,NA,33093.18099,NA,21084.22786
62,EEF2,476828.8177,682590.6667,NA,23189.95508,NA,17460.81901
63,RAB3D,235091.1094,857269.9583,NA,22102.19596,NA,16390.02897
64,SLC25A6,82029.54557,1622582.958,NA,17829.85221,NA,15933.90267
65,RPL8,94804.46679,629504.6354,NA,11024.15104,NA,15541.40853
66,YWHAQ,887166.3229,813135.4792,NA,16818.21192,NA,15213.74674
67,CROCC,4834645.375,3334444.5,NA,NA,NA,15447.49382
68,EIF4A1,167860.0625,260676.573,NA,12884.64551,NA,16829.45996
69,MAPT,631312.4377,1362409.604,NA,28059.95508,NA,16341.33757
70,EDIL3,89971.74416,544176.1875,NA,25816.58594,NA,15625.21029
71,HSPA9,415419.4167,616847.0417,NA,15662.59017,NA,16398.75358
72,GDI2,671203.5729,2088284.646,NA,22566.08203,NA,14978.8405
73,HNRNPA1,244420.2891,590677.6667,NA,20871.59505,NA,16530.78939
74,XPNPEP3,902582.4063,725142.3282,NA,34470.41537,NA,15734.09017
75,LDHB,487754.4896,610012.9583,NA,25353.7832,NA,15704.28744
76,GNAI2,847177.8854,1301101.25,NA,16143.15169,NA,14536.24153
77,GNAO1,546087.1458,826528,NA,22285.22917,NA,15243.00521
78,MAP1LC3B2;MAP1LC3B,5375320.5,1115409.271,NA,15948.6875,NA,14295.65234
79,ACO2,93897.09569,438273.4688,NA,16967.74707,NA,14627.15592
80,IDH1,1407829.417,1162597.021,NA,15194.96289,NA,12063.38932
81,ENO2,666617.0833,686416.8854,NA,33245.0931,NA,15088.76302
82,PDIA3,358684.4323,465250.0417,NA,27706.0651,NA,13680.44727
83,PHGDH,2487536.625,738679.1354,NA,15623.60352,NA,12967.20833
84,UCHL1,2595625.333,892879.3333,NA,13125.1875,NA,11720.13997
85,UBA1,526271.1823,1560862.542,NA,21598.04362,NA,13729.43066
86,NME2,179577.7969,541163.1458,NA,13230.64323,NA,11219.65365
87,CNTN1,309895.026,488552.6667,NA,20372.10222,NA,12351.73014
88,MT-CO2,207185.0807,660312.625,NA,16810.65788,NA,12727.80241
89,GNB1,135096.5651,514844.6823,NA,15279.50325,NA,10802.20996
90,HSPA5,43678.07667,397384.349,NA,17280.28255,NA,12307.45019
91,TAF15,3654119.917,5332174.833,NA,19268.66732,NA,12622.01563
92,DYNC1H1,63161.95703,682484.25,NA,11530.9541,NA,12391.13509
93,IGF2BP1,136854.0137,413551.1771,NA,9161.089681,NA,11101.99837
94,VCP,133018.2917,833711.2292,NA,17822.33171,NA,11261.44499
95,PLD3,1641132.458,712399.625,NA,11165.60742,NA,10227.85579
96,TKT,82755.54884,929571.0417,NA,12272.79427,NA,9788.457517
97,HNRNPA3,294651.6355,479478.3646,NA,25218.67057,NA,13471.44303
98,PAFAH1B3,1531698.5,516397.6042,NA,11559.3182,NA,8820.963706
99,RAC3,413012.4479,1213991.833,NA,13792.39974,NA,10239.84115
100,TAGLN3,963304.125,581073.2396,NA,13577.81803,NA,9091.227702
101,RPS7,61333.39649,101417.4707,NA,9555.829263,NA,9432.980794
102,CCT6A,317115.4362,527807.2083,NA,13385.24609,NA,9867.472981
103,SNCG,225308.5703,371072.474,NA,9423.56006,NA,9155.310872
104,MDH2,50046.34766,783292.8752,NA,16338.33724,NA,9199.319662
105,UBE2N,889777.6458,1154369.938,NA,12934.7513,NA,9108.198893
106,RPS5,195902.0886,231533.586,NA,5255.063314,NA,8920.01123
107,MAP2,104590.9414,458065.8282,NA,13220.19206,NA,9158.252604
108,DDX5,2784569.958,712772.9271,NA,11135.40951,NA,10816.49609
109,DCX,1231583.438,786992.9219,NA,13675.63607,NA,9787.324544
110,HNRNPL,67010.85156,401886.5417,NA,9169.772297,NA,10949.84928
111,RPS13,194379.0488,1594080.875,NA,11033.47331,NA,11037.85872
112,YWHAH,230185.5234,204231.9505,NA,13313.02376,NA,8946.122721
113,CASP3,1876107.313,338426.8438,NA,14543.09928,NA,9420.280925
114,NONO,610927.7292,1655345.333,NA,8386.537272,NA,9309.114582
115,MATR3,493628.9688,303099.5625,NA,9936.040039,NA,9622.179688
116,ENO1,78342.60255,160027.9902,NA,15165.96094,NA,10065.71582
117,DHX9,88596.35027,582839.8542,NA,10405.06283,NA,10270.51335
118,STXBP1,591208.3438,351245.8516,NA,14367.43945,NA,9083.543945
119,CS,232239.099,1032138.042,NA,10637.97526,NA,10060.85189
120,SHMT2,423211.8698,735704.125,NA,7538.565754,NA,8730.650065
121,EFTUD2,1682399.875,2273293.042,NA,9363.602541,NA,8125.858073
122,HNRNPM,225501.9714,410467.9193,NA,8769.919434,NA,9239.551269
123,SPTBN1,583858.0156,460378.1042,NA,12139.21061,NA,8341.283366
124,PGK1,94283.8086,270521.3333,NA,10309.64486,NA,7436.033854
125,YARS1,1487127.25,96967.83985,NA,9850.369465,NA,7833.774414
126,ATP6V1B2,96301.76822,379225.7735,NA,10261.93555,NA,6975.3361
127,SFPQ,130751.7162,656173.6146,NA,7785.445801,NA,8575.435709
128,TCP1,87321.00975,637178.8958,NA,8468.657877,NA,7078.648437
129,RAB7A,439415.5209,304574.4297,NA,7416.465657,NA,7091.04834
130,EWSR1,1326514.708,5146403.833,NA,10481.84831,NA,7239.061035
131,PARK7,853164.3021,720739.1146,NA,8403.973146,NA,7242.49349
132,PEBP1,150298.7539,339235.2604,NA,12917.98796,NA,6808.094889
133,HK1,192741.2266,491387.3021,NA,9014.003419,NA,7123.501302
134,CCT4,233992.1719,393036.8411,NA,8134.162272,NA,6664.003093
135,GOT1,94896.31643,211488.043,NA,9371.716307,NA,5849.863118
136,RACK1,118226.1198,616340,NA,8618.003254,NA,6803.38151
137,CAND1,243265.6064,1103684.594,NA,8993.803386,NA,6601.732585
138,MAPRE1,464669.0938,250157.836,NA,7515.167806,NA,6578.7111
139,GARS1,443440.3125,482052.9063,NA,8630.674642,NA,7384.856608
140,KHSRP,590856.375,857193.3125,NA,8370.763998,NA,5915.558268
141,FASN,119737.4648,272581.2813,NA,6785.709798,NA,6516.072266
142,WDR1,37117.95443,911402.1563,NA,7403.421387,NA,6946.073568
143,PCBP1,3340897.167,503893.2135,NA,6238.512695,NA,6445.177734
144,CCT5,188506.3204,172337.4154,NA,7469.214844,NA,5737.777669
145,PSMA4,182932.8568,455217.8334,NA,7565.598306,NA,6314.477051
146,UBE2V1,415780.3039,113973.0859,NA,6601.208496,NA,5692.192383
147,SUB1,251422.1484,1954998.792,NA,10879.3208,NA,7291.180827
148,GOT2,35926.67383,547143.4533,NA,9688.155925,NA,6156.365234
149,RUFY3,415730.1563,98336.8125,NA,7808.136882,NA,5163.543783
150,HNRNPH3,1054622.469,619776.6771,NA,7015.538574,NA,7722.605142
151,PDIA6,246918.7539,211332.7149,NA,9351.616372,NA,6272.953613
152,PFN2,416578.5417,1105588.708,NA,10247.33496,NA,6065.610352
153,GPI,103644.78,456243.8229,NA,8742.937501,NA,5277.64095
154,SCRN1,299509.7786,727445.5104,NA,7995.943523,NA,6304.997559
155,SYT1,743325.1875,384465.3281,NA,7917.745606,NA,5132.133789
156,UBE2V2,431955.8737,153793.1218,NA,6467.629395,NA,5293.814453
157,CLTC,278345.099,2324149,NA,14450.22787,NA,8065.687663
158,ILF3,149119.9922,491716.5052,NA,6524.13737,NA,5445.010905
159,PPA1,941190.2344,NA,NA,6181.530273,NA,5732.351074
160,HNRNPDL,482722.8203,1000766.667,NA,8667.590658,NA,5681.176595
161,SNRPD3,599693.3985,869702.3438,NA,6998.911784,NA,5705.630046
162,USP5,323485.875,296497.125,NA,9199.80192,NA,6296.782064
163,ELAVL4,445786.1875,NA,NA,5561.919108,NA,5632.861979
164,RPS18,25307.6778,313086.8281,NA,6332.688151,NA,5984.905273
165,NSF,178261.8438,96394.41995,NA,6041.218913,NA,5631.800944
166,CCT3,222678.9236,415489.9635,NA,6395.040364,NA,5007.454427
167,RPSA,162853.0781,291101.875,NA,3082.415527,NA,5322.328776
168,RPL10,277028.1094,342720.2084,NA,4755.819824,NA,7817.128418
169,HNRNPR,71160.74024,415111.2657,NA,6145.847819,NA,5713.771647
170,DDX1,107991.373,123416.8594,NA,2504.172323,NA,3830.729737
171,AP2B1,92970.94922,275974.4727,NA,5341.081543,NA,4652.937988
172,COX6C,1417629.5,181183.3848,NA,5929.762533,NA,4634.264974
173,STMN1,1575328.667,332405.651,NA,20280.13021,NA,4956.869303
174,ACLY,166456.847,306158.1667,NA,6679.936686,NA,5837.088379
175,RTN3,155214.7266,94648.2246,NA,5496.231771,NA,4568.477051
176,NAGK,533563.2813,319204.8438,NA,7022.503093,NA,5780.386556
177,CRABP1,301771.2422,272333.3073,NA,7351.834147,NA,4317.772868
178,PSMD1,79652.60547,210883.6328,NA,3976.89917,NA,4617.259115
179,KLC4,495674.0469,66488.61915,NA,7293.94808,NA,5172.583171
180,SV2A,73685.06253,265841.2292,NA,7294.013997,NA,4838.240886
181,RAB2A,32765.35059,59897.31005,NA,9859.711912,NA,5330.394694
182,PRDX3,280080.7549,1434800.047,NA,6164.718262,NA,5082.057943
183,COX4I1,730130.25,220270.75,NA,8285.594725,NA,4959.772461
184,LASP1,212093.0723,66695.13282,NA,5713.186849,NA,3800.095866
185,DDX17,403087.9844,92018.21097,NA,4303.009603,NA,5049.326009
186,AP1B1,472791.0782,918329.4375,NA,7715.580404,NA,4340.814616
187,KPNB1,253387.1875,190472.7032,NA,5001.483317,NA,4769.325195
188,PPP2CB,238787.8438,35112.79395,NA,6584.758952,NA,4734.713216
189,GBA,1792769.917,13312010.33,4284.399862,37119.82064,NA,6688.295085
190,GSTP1,143240.0703,273952.5313,NA,4339.056966,NA,4818.334147
191,PFKL,45963.21875,180142.3447,NA,4202.006103,NA,4209.823161
192,DPYSL4,163311,173654.9453,NA,5456.469564,NA,3790.995443
193,FUS,302834.7188,758660.4375,NA,5373.983561,NA,4251.053386
194,HNRNPA0,137016.0365,274836.6797,NA,9426.132648,NA,5631.419108
195,PPP2R1A,230502.6042,436122.0521,NA,5189.39388,NA,4837.045736
196,RPN1,185478.3555,625132.75,NA,4872.595703,NA,4485.433919
197,ATP6V1A,373836.8203,311725.1589,NA,5693.680664,NA,3595.077311
198,ELAVL1,104998.3281,111514.6289,NA,4005.193196,NA,4014.423421
199,CSE1L,436085.7188,16323600.3,NA,4937.81193,NA,4083.157308
200,CALM1;CALM2;CALM3,599432.2109,513581.6374,NA,2964.167155,NA,3031.789144
201,TXN,144842.9668,877554.4375,NA,4410.686605,NA,2762.465169
202,U2AF1L5;U2AF1,111370.2481,1926217.625,NA,3076.10848,NA,3586.523845
203,FUBP1,660470.4844,256126.3229,NA,4709.891358,NA,3077.46346
204,PRMT1,268406.5196,548763.8594,NA,3857.141032,NA,3348.377116
205,LRPPRC,128715.5898,199548.0313,NA,3668.883382,NA,4115.590332
206,GNA11,394522.4375,364082.3203,NA,3894.274984,NA,3454.666829
207,ACTR3B,162053.0665,239715.3334,NA,3607.906738,NA,3057.845459
208,SARS1,234069.7852,136856.5273,NA,4285.618571,NA,3525.77002
209,IDH3A,749206.2657,704690.7188,NA,3226.749675,NA,3893.918376
210,ERP29,362647.7344,161103.0143,NA,4494.178629,NA,3163.097168
211,RPL10A,43650.61499,714480.4479,NA,3242.336426,NA,3314.35669
212,CSDE1,108379.3125,234995.9219,NA,3919.600505,NA,3105.166504
213,EEF1B2,172718.8437,234313.6094,NA,2881.801513,NA,2344.038697
214,PSMB2,115322.8047,143431.5312,NA,6003.293945,NA,3811.606608
215,OAT,353864.6836,NA,NA,2444.661377,NA,3239.243815
216,GNAI1,153651.0195,NA,NA,3756.101074,NA,3096.273763
217,PSMA1,298126.2422,37372.83008,NA,5268.444336,NA,4125.825439
218,SUMO2,542262.5729,1460299.542,NA,4842.572754,NA,2500.554687
219,CLTA,186915.4219,319660.0196,NA,2738.437825,NA,2136.610433
220,ATP5PD,90566.03907,272309.9323,NA,1747.933207,NA,1934.616943
221,RBMX,113890.3438,685950.6458,NA,2701.09489,NA,2742.405843
222,RPS10,36419.89128,42144.71484,NA,3862.709473,NA,3570.724691
223,DDX3X,313314.6485,100948.503,NA,2493.534342,NA,2853.03833
224,TARS1,57640.98242,242696.5078,NA,2384.395182,NA,2375.380045
225,PCMT1,393934.6927,193232.7813,NA,2588.999308,NA,2498.345785
226,SH3BGRL3,150846.2187,139520.4512,NA,1739.860718,NA,2094.944417
227,SEPTIN7,105611.4375,140948.4297,NA,6603.105142,NA,2274.749512
228,REEP5,487166.9219,579392.6354,NA,2323.004354,NA,1803.462809
229,ARPC3,369089.6133,316333.625,NA,4472.307455,NA,2506.243856
230,STX7,630921.2188,NA,NA,2795.603353,NA,1739.422933
231,THRAP3,191361.9375,667126.0729,NA,3271.094482,NA,2276.700236
232,LYPLA1,418342.3282,NA,NA,1850.199707,NA,2205.737752
233,KRT9,37186.54883,148606297.3,NA,18645.32813,NA,7342.84721
234,ATP5F1E;ATP5F1EP2,84460.4336,256696.5079,NA,2305.953613,NA,2009.144938
235,DDB1,117793.3659,239280.9336,NA,1936.34078,NA,1609.097738
236,RAD23B,171538.8757,159628.3568,NA,1523.269531,NA,1621.856506
237,SRRM1,5846.688721,243039.4727,NA,3839.136149,NA,1713.144775
238,CPSF6,13269.95264,514952.4375,NA,1838.376099,NA,1591.530477
239,CADPS,740390.7735,410312.0391,NA,1813.698364,NA,1398.348511
240,CTSB,200523.4961,317418.5469,NA,1487.341308,NA,1439.872681
241,SLC7A5,120621.7891,NA,NA,2186.789876,NA,1508.721232
242,COX5B,647156.5313,511648.1875,NA,2845.304281,NA,1433.447184
243,EIF4G2,244109.6328,128926.8159,NA,2019.719686,NA,1730.898356
244,WBP2,264137.1192,NA,NA,1238.887777,NA,1160.194906
245,CSNK2A1,454429.8594,323231.5938,NA,1790.431193,NA,1188.155192
246,ANXA7,250512.7109,274181.5235,NA,1584.46639,NA,1163.069214
247,KDM1A,110694.6367,71262.90628,NA,NA,NA,1134.394775
248,PSAP,300270.2969,681654.8438,NA,2312.748739,NA,1114.006714
249,BCLAF1,49726.72901,416832.0208,NA,2371.018372,NA,1378.98523
250,ATXN2L,1315127.708,243371.8594,NA,1281.111735,NA,NA
251,ARGLU1,108486.9297,9536766.156,NA,1202.826172,NA,NA
252,DNAJC11,295856.836,802437.0157,NA,NA,NA,NA
253,NDUFC2,326645.1094,182806.1563,NA,NA,NA,NA
254,SYNGR1,495770.6407,NA,NA,NA,NA,NA
255,GRB2,744116.875,NA,NA,NA,NA,NA
256,NCOA5,1334198.938,3419155.583,NA,NA,NA,NA
257,SRI,344780.849,519242.3542,NA,NA,NA,NA
258,COX8A,272646.6768,91232.72658,NA,1129.571289,NA,NA
259,STRBP,420693.0313,1143952.469,NA,NA,NA,NA
260,TMSB10,75866.14062,373785.3265,NA,NA,NA,NA
261,COX5A,316083.8333,493128.3125,NA,NA,NA,NA
262,LAMA5,119745.0039,1577414.157,NA,5748.702637,NA,NA
263,ERH,1276909.083,160222.7696,NA,NA,NA,NA
264,BANF1,328027.0417,96586.74415,NA,NA,NA,NA
265,ACTBL2,1723844.188,4485230.667,NA,NA,NA,NA
266,NRP1,731752.375,912455.3438,NA,NA,NA,NA
267,STAG1,211559.3672,815996.3282,NA,NA,NA,NA
268,KPRP,NA,1200950.135,NA,NA,NA,NA
269,XP32,NA,770362.6771,NA,NA,NA,NA
270,H2BC12;H2BC5;H2BC4;H2BC18;H2BC9;H2BC15;H2BC14,NA,5875883.333,NA,129880.1198,NA,114881.2891
271,PRSS1,NA,1497592.458,NA,50952.71288,NA,24411.1665
272,THAP5,NA,3271473.458,NA,339315.875,NA,47667.67838
273,PRDX1,NA,2141074.958,NA,31782.08268,NA,27788.17383
274,MACROH2A1,NA,1018710.219,NA,33039.26367,NA,25901.13216
275,TUFM,NA,642512.4375,NA,22309.77279,NA,23336.27669
276,FSCN1,NA,718100.1563,NA,22001.37305,NA,19187.3125
277,CKB,NA,265508.2704,NA,29069.54753,NA,17793.48991
278,RPL27A,NA,2157120.813,NA,13379.08789,NA,17735.42253
279,ALB,NA,2479532.083,NA,35288.3724,NA,16456.21582
280,H1-5,NA,1116412.542,NA,30478.28776,NA,15291.48861
281,RPS9,NA,390331.2604,NA,11793.66211,NA,15510.60547
282,PRDX2,NA,1193543.917,NA,23005.85872,NA,14160.41829
283,VDAC2,NA,651817.6354,NA,17038.15267,NA,14526.31901
284,GDI1,NA,871234.3073,NA,21575.82487,NA,12098.19531
285,SRSF4,NA,2617878.167,NA,10939.2303,NA,13876.29492
286,RPS14,NA,1368277.844,NA,12213.80859,NA,13199.77311
287,RPL6,NA,1184363.646,NA,12878.03092,NA,12711.71452
288,RPS25,NA,1575849.042,NA,11012.87142,NA,11389.54232
289,RPS3,NA,541645.875,NA,9212.498371,NA,12068.73112
290,NCL,NA,383491.0313,NA,15445.28027,NA,11374.72298
291,ASS1,NA,365350.7513,NA,15064.64421,NA,12297.33561
292,RPL15,NA,457528.9844,NA,7223.213216,NA,10528.27897
293,SRSF7,NA,4381535.083,NA,9779.234863,NA,12673.84505
294,HSPE1,NA,616981.1198,NA,16341.33203,NA,11647.90853
295,RPS6,NA,1058913.313,NA,11974.44694,NA,11121.44173
296,EEF1G,NA,529576.7188,NA,10741.99447,NA,9011.715982
297,CCT8,NA,295378.8282,NA,14288.78092,NA,9852.140301
298,DPYSL5,NA,583778.1458,NA,12603.44954,NA,9623.870117
299,RPL13,NA,436008.7813,NA,9558.579753,NA,10118.77669
300,ANXA5,NA,206616.7344,NA,13199.04427,NA,8562.858399
301,SLC25A3,NA,1518260.729,NA,16847.24381,NA,9876.2972
302,RPL26,NA,454804.6094,NA,10607.27637,NA,9657.838867
303,NIPSNAP1,NA,598066.8125,NA,8742.191895,NA,7506.345541
304,VDAC1,NA,183590.711,NA,14156.69303,NA,8413.505696
305,PTGES3,NA,56712.94141,NA,8505.180176,NA,7465.494629
306,IDH2,NA,175348.5157,NA,11000.10205,NA,7699.893555
307,PRPH,NA,222766.8906,NA,9691.624351,NA,7471.549316
308,CTSD,NA,491162.1042,NA,10385.76074,NA,8546.411947
309,H1-0,NA,376479.6459,NA,13853.85222,NA,6901.437826
310,PSMB1,NA,206509.8828,NA,11512.60596,NA,8632.276366
311,HP1BP3,NA,798897.7657,NA,9324.844077,NA,8684.169109
312,RPL4,NA,438845.2083,NA,5447.220703,NA,7065.29834
313,AKR1B1,NA,349180.2657,NA,7804.485189,NA,7043.69515
314,PRDX6,NA,326117.8672,NA,6578.891602,NA,6636.333171
315,PSMB6,NA,319358.8203,NA,8871.876301,NA,7708.688477
316,MYH10,NA,576289.5237,NA,12519.05208,NA,8269.599935
317,HNRNPUL2,NA,473132.1354,NA,7778.66097,NA,7885.800293
318,AHCY,NA,278952.4454,NA,6816.187663,NA,7280.528483
319,H2AZ1;H2AZ2,NA,281879.2422,NA,8685.196615,NA,6557.289714
320,ACP1,NA,269835.3438,NA,7130.885091,NA,7157.152995
321,SYNCRIP,NA,571793.2188,NA,7201.919922,NA,6997.006999
322,RPS2,NA,591287.5,NA,4762.687337,NA,7116.460938
323,SOD1,NA,292786.5742,NA,4441.517415,NA,4604.708903
324,RPL28,NA,142121.8613,NA,5437.084473,NA,6800.347819
325,SLC25A5,NA,578204.75,NA,6447.451823,NA,6218.500977
326,NUCKS1,NA,413873.1602,NA,8050.608886,NA,6502.366862
327,RPL31,NA,355910.9688,NA,6593.267415,NA,6383.645671
328,RPS8,NA,385623.5469,NA,6509.141601,NA,6615.652507
329,SRSF2,NA,1944374.25,NA,6884.615073,NA,6014.094075
330,ACAT2,NA,245232.9115,NA,12605.94938,NA,4868.742188
331,ADH5,NA,327933.6954,NA,5320.162598,NA,5830.165365
332,PYGB,NA,344354.4688,NA,8115.025879,NA,5801.732747
333,RPL18,NA,944168.5938,NA,5624.258626,NA,6391.417643
334,PGD,NA,264804.7969,NA,8362.575195,NA,5548.420736
335,CCT7,NA,436083.3125,NA,6464.283366,NA,4832.094076
336,ATP1B1,NA,172630.8242,NA,9803.20801,NA,5577.138672
337,FLNC,NA,317204.0977,NA,4062.416992,NA,5875.125977
338,ADD1,NA,131096.2852,NA,7856.965983,NA,5050.274088
339,PAFAH1B1,NA,343049.0677,NA,6463.033691,NA,4670.862142
340,AP2A1,NA,311781.9466,NA,5894.819011,NA,4312.372396
341,VPS35,NA,241031.8594,NA,5903.869466,NA,4784.670735
342,DLD,NA,251750.875,NA,7087.408854,NA,4085.775553
343,PGM2L1,NA,276316.5469,NA,4423.46639,NA,3811.213705
344,PABPC1,NA,2185808.332,NA,5100.809245,NA,4578.045085
345,RNH1,NA,256002.2422,NA,4466.730957,NA,4140.763997
346,DARS1,NA,271231.6172,NA,4281.330485,NA,4300.590983
347,RPS12,NA,324165.2813,NA,3452.303223,NA,3633.205078
348,H1-4,NA,1399100.417,NA,15149.75749,NA,5087.638183
349,ALDH7A1,NA,80933.90235,NA,4470.8125,NA,4560.954265
350,QPRT,NA,146632.5938,NA,6647.676595,NA,4335.662516
351,NNT,NA,199928.4746,NA,3941.283122,NA,3975.858073
352,RHOA,NA,273877.2969,NA,7239.9139,NA,4361.077311
353,FAU,NA,475158.711,NA,10711.75537,NA,3724.840576
354,OXCT1,NA,195902.9024,NA,6856.592123,NA,4680.729248
355,PRAF2,NA,264784.3594,NA,4215.746175,NA,3579.661458
356,PRKDC,NA,206456.1745,NA,5661.777669,NA,6516.233643
357,TRA2B,NA,213563.4063,NA,3965.640136,NA,3441.348633
358,LRRC59,NA,366591.2032,NA,3576.141764,NA,3784.40804
359,CAT,NA,418530.8125,NA,NA,NA,3028.550212
360,XPO1,NA,66687.90235,NA,2300.729492,NA,2924.339355
361,SRSF6,NA,1007632.875,NA,3232.043701,NA,3405.747884
362,RPS20,NA,131333.1142,NA,2453.800781,NA,2696.325277
363,GLS,NA,175909.3867,NA,2753.297689,NA,2881.649414
364,COPB2,NA,667883,NA,2786.593669,NA,2792.383464
365,COPB1,NA,231188.1211,NA,3035.149821,NA,2687.730062
366,SRSF10,NA,1559932.271,NA,2193.188029,NA,2396.941406
367,APOE,NA,855133.1563,NA,2631.871826,NA,2428.119955
368,PGRMC1,NA,856653.875,NA,2335.635539,NA,2297.181478
369,SPATA7,NA,2923811.083,NA,17398.07113,NA,2859.882894
370,ACTN4,NA,37859.48438,NA,3368.635417,NA,2064.632528
371,KRT1,NA,78290986.67,NA,16044.21924,NA,6043.523274
372,ANKFY1,NA,702347.8177,NA,1989.512818,NA,1890.415242
373,ERP44,NA,73765.21094,NA,2707.45752,NA,1930.315796
374,RPS26,NA,102732.9648,NA,3546.037272,NA,2618.845296
375,RPL36,NA,357110.7266,NA,1653.376099,NA,1717.742391
376,KRT14,NA,40422481.33,NA,4389.130738,NA,1895.199503
377,SEPTIN9,NA,133913.4961,NA,3419.455729,NA,1837.970906
378,PREP,NA,2778685.76,NA,3086.933268,NA,1804.595052
379,RBM39,NA,2116212.625,NA,2134.57019,NA,1696.106161
380,CADM2,NA,297385.8594,NA,5835.580241,NA,1846.156779
381,GPX4,NA,72172.16699,NA,1873.410319,NA,1542.740356
382,PLEC,NA,399841.9844,NA,2095.546712,NA,1518.761841
383,ANXA2,NA,436448.4479,NA,1739.589193,NA,1239.280965
384,CARM1,NA,613537.1875,NA,1240.745809,NA,1377.567098
385,KRT6B,NA,12355451,NA,13873.75908,NA,6510.044635
386,SEC24C,NA,296427.4453,NA,1906.953695,NA,1480.019491
387,FKBP4,NA,148125.6315,NA,1758.230102,NA,1330.405518
388,NARS1,NA,363612.7578,NA,1970.022787,NA,1494.264445
389,UQCRC2,NA,85935.35157,NA,3015.894938,NA,1272.151163
390,LUC7L2,NA,1104215.979,NA,2254.218384,NA,1509.161784
391,TMSB4X,NA,302754.086,NA,2273.57487,NA,NA
392,RNPS1,NA,673298.375,NA,1462.887736,NA,1465.091187
393,GGH,NA,35903.14453,NA,1288.058187,NA,NA
394,SAFB,NA,95653.32032,NA,1476.978638,NA,1173.851197
395,YBX1,NA,320468,NA,2359.937745,NA,1365.007283
396,SRRM2,NA,2126961.469,NA,1674.235351,NA,1236.409302
397,KRT2,NA,20241017.33,NA,5901.614502,NA,NA
398,RPP38,NA,515389.5,NA,3703.009033,NA,NA
399,HMGB3,NA,257985.3594,NA,1825.879435,NA,1228.015564
400,KRT16,NA,6179395.833,NA,NA,NA,NA
401,FABP5,NA,475692.0469,NA,1306.746175,NA,NA
402,TRIO,NA,173204.4688,NA,NA,NA,NA
403,COX7C,NA,1299408.208,NA,NA,NA,NA
404,KRT6A,NA,22372828.67,NA,6872.029297,NA,NA
405,LGALS7,NA,446956.875,NA,2154.323914,NA,NA
406,FKBP1A,NA,533418.1875,NA,1664.872559,NA,NA
407,DDX23,NA,409281.8047,NA,NA,NA,NA
408,KRT10,NA,55694082.67,NA,13617.77344,NA,NA
409,CLCA1,NA,1032387.531,NA,NA,NA,NA
410,KRT17,NA,958573.875,NA,NA,NA,NA
411,FBXO45,NA,655616.3125,NA,9247.670898,NA,NA
412,XIRP1,NA,732839.25,NA,2110.335205,NA,NA
413,JUP,NA,802241.2708,NA,NA,NA,NA
414,DSP,NA,1013874.458,NA,NA,NA,NA
415,PCBD1,NA,307661.8868,NA,1972.75354,NA,NA
416,KRT36,NA,3134890.458,NA,NA,NA,NA
417,KRT5,NA,12317399,NA,NA,NA,NA
418,KRTAP13-2,NA,2749054.985,NA,NA,NA,NA
419,GOLGB1,NA,1386005.292,NA,NA,NA,NA
420,DSG1,NA,1548298.583,NA,NA,NA,NA
421,CALML5,NA,1248291.75,NA,NA,NA,NA
422,WDR75,NA,478659.4375,NA,NA,NA,NA
423,KRT78,NA,884197.6667,NA,NA,NA,NA
424,HRNR,NA,383257.7969,NA,NA,NA,NA
425,ARG1,NA,896302.1252,NA,NA,NA,NA
426,FLG2,NA,263591.2552,NA,NA,NA,NA
427,CASP14,NA,829615.3958,NA,NA,NA,NA
428,DCD,NA,434346.9167,NA,NA,NA,NA
429,DSC1,NA,1495997.75,NA,NA,NA,NA
430,KRT32,NA,4486824.188,NA,NA,NA,NA
431,FLG,NA,158503.8906,NA,NA,NA,NA
432,TGM3,NA,412287.9349,NA,NA,NA,NA
433,PKP1,NA,938201.5938,NA,NA,NA,NA
434,KRT86,NA,NA,2499.289551,12014.87012,1520.416077,7499.718099
435,COTL1,NA,NA,2668.921387,6217.322917,NA,5988.105957
436,ARF4,NA,NA,29107.62858,3231.326253,4340.321371,3459.556152
437,PSMF1,NA,NA,32508.83236,3675.740723,6509.222169,3171.221191
438,BSG,NA,NA,5312.027913,4506.17041,NA,2411.647624
439,NCDN,NA,NA,7223.370035,2943.383463,3266.860514,2091.131266
440,SARNP,NA,NA,5246.410156,4036.093994,1721.031067,2231.217326
441,RHOT1,NA,NA,3401.760172,1680.789754,2514.043335,1726.835897
442,WDR77,NA,NA,1455.655518,1841.457601,1169.705851,1803.447428
443,CUL5,NA,NA,2494.353923,1725.281616,1830.044617,1428.356811
444,EIF4G1,NA,NA,15224.51302,1646.390421,10437.73584,1427.609436
445,ELMOD2,NA,NA,1649.222779,1045.473572,NA,1385.079671
446,RBBP4,NA,NA,1235.009766,2109.029378,NA,1563.515218
447,PMPCB,NA,NA,1294.595398,NA,NA,1380.445028
448,RABL6,NA,NA,2436.49821,1311.664714,1937.116455,1093.318055
449,EIF3H,NA,NA,1567.610108,NA,1816.677307,NA
450,NAT10,NA,NA,1096.862977,NA,1831.152506,NA
451,MRPL41,NA,NA,2697.972229,NA,2714.394043,NA
452,TMX3,NA,NA,2698.310913,NA,NA,NA
453,NBPF1,NA,NA,2794.483521,NA,NA,NA
454,PRRC2B,NA,NA,1626.433634,NA,1950.036784,NA
455,NUDT14,NA,NA,5401.399841,NA,NA,NA
456,RABEPK,NA,NA,1458.037232,NA,NA,NA
457,APH1B,NA,NA,1374.612366,NA,NA,NA
458,DNAJC2,NA,NA,1327.536133,NA,NA,NA
459,PIGR,NA,NA,1640.703308,1816.490052,NA,NA
460,ABI3BP,NA,NA,NA,1571.47229,NA,1302.706971
461,TCEAL7,NA,NA,NA,6447.454102,NA,NA
462,TUBB8,NA,NA,NA,112200.2135,NA,75635.28273
463,RP1L1,NA,NA,NA,9339.959309,NA,13963.35873
464,TUBA4A,NA,NA,NA,20421.68815,NA,16291.21094
465,RPS23,NA,NA,NA,9296.628905,NA,13769.89909
466,RPL3,NA,NA,NA,8165.017578,NA,12467.59994
467,RPL23,NA,NA,NA,9358.309897,NA,12046.52995
468,UHRF1BP1,NA,NA,NA,38102.26042,NA,11321.8418
469,ARF3;ARF1,NA,NA,NA,15477.25228,NA,11888.45508
470,RPL27,NA,NA,NA,11436.17741,NA,10628.83626
471,TBCB,NA,NA,NA,11427.86328,NA,10980.48568
472,CALR,NA,NA,NA,11296.0944,NA,7944.849447
473,HMGA1,NA,NA,NA,15646.37663,NA,11886.71712
474,HSP90B1,NA,NA,NA,10966.78906,NA,10061.49414
475,DDX39B,NA,NA,NA,10111.29753,NA,11191.56283
476,RPS16,NA,NA,NA,8328.927896,NA,10775.43685
477,MYEF2,NA,NA,NA,7463.241699,NA,9265.116373
478,SSBP1,NA,NA,NA,9606.444499,NA,6486.321614
479,H3-2,NA,NA,NA,11251.48633,NA,6822.33138
480,PDHA1,NA,NA,NA,8261.137858,NA,9829.92285
481,NCAM1,NA,NA,NA,16341.65104,NA,9348.672526
482,RAB11A,NA,NA,NA,10866.33854,NA,8950.605794
483,RPL17,NA,NA,NA,7708.974609,NA,9393.967775
484,RPL22,NA,NA,NA,10014.04232,NA,9360.952474
485,CRACDL,NA,NA,NA,12220.847,NA,8832.505534
486,ATP5F1C,NA,NA,NA,9104.120443,NA,10116.45312
487,RPL7A,NA,NA,NA,8040.59375,NA,9418.440754
488,HMGN2,NA,NA,NA,4813.544678,NA,7804.57015
489,ACOT7,NA,NA,NA,13486.45996,NA,9336.491212
490,PSMA7,NA,NA,NA,12083.08333,NA,9354.903972
491,IGF2BP3,NA,NA,NA,7661.168295,NA,8330.15804
492,EPB41L3,NA,NA,NA,9839.669923,NA,8636.325195
493,MAGEA4,NA,NA,NA,7417.3986,NA,7824.092448
494,KIF5C,NA,NA,NA,10809.56315,NA,8641.105795
495,DNM3,NA,NA,NA,8137.725261,NA,7938.599447
496,RPL7,NA,NA,NA,6728.252116,NA,9235.313314
497,CLIC1,NA,NA,NA,7353.444336,NA,8320.793132
498,RPS15A,NA,NA,NA,7741.935709,NA,8653.800293
499,PPIB,NA,NA,NA,9861.829101,NA,7953.031576
500,MAPRE3,NA,NA,NA,10744.53743,NA,7333.930664
501,MAN2C1,NA,NA,NA,5913.990885,NA,6443.57251
502,INS-IGF2;INS,NA,NA,NA,1741.365438,NA,8792.443686
503,CCT2,NA,NA,NA,11767.62598,NA,7867.788574
504,ANP32A,NA,NA,NA,10130.5817,NA,6217.759684
505,TRIM28,NA,NA,NA,7475.917643,NA,7874.397461
506,PHB2,NA,NA,NA,10629.74284,NA,7081.750651
507,COX7A2,NA,NA,NA,8080.351074,NA,7510.894368
508,PSMA6,NA,NA,NA,10899.87305,NA,7608.359213
509,RAB5B,NA,NA,NA,8050.487468,NA,6813.874186
510,VDAC3,NA,NA,NA,8783.142253,NA,7110.27946
511,ATP5PB,NA,NA,NA,7196.765137,NA,6909.141276
512,ATP5PO,NA,NA,NA,7766.677898,NA,7491.926595
513,LMNB1,NA,NA,NA,11292.1595,NA,7292.153971
514,XRCC6,NA,NA,NA,7351.334961,NA,6832.116211
515,ILF2,NA,NA,NA,7574.440104,NA,7344.083496
516,PGAM1,NA,NA,NA,9258.509115,NA,6836.656901
517,RAB35,NA,NA,NA,5645.300781,NA,5985.853027
518,RPL14,NA,NA,NA,7459.429525,NA,8034.852376
519,RPS4X,NA,NA,NA,4881.456543,NA,7138.248698
520,PHB,NA,NA,NA,8566.973633,NA,7363.975423
521,AGAP7P;AGAP6;AGAP4,NA,NA,NA,13777.44466,NA,7631.054525
522,RPS11,NA,NA,NA,4245.529704,NA,5791.755371
523,RPS3A,NA,NA,NA,4570.518555,NA,6569.825684
524,MARCKS,NA,NA,NA,20257.78971,NA,7650.081868
525,MACROH2A2,NA,NA,NA,8196.300456,NA,6779.219239
526,HADHB,NA,NA,NA,5394.199382,NA,7331.030111
527,UQCRFS1,NA,NA,NA,9133.68864,NA,6447.395671
528,RPL5,NA,NA,NA,7415.781902,NA,6875.829102
529,RAP1B,NA,NA,NA,8626.204754,NA,6108.766927
530,ARHGDIA,NA,NA,NA,7789.51709,NA,5607.75765
531,MIF,NA,NA,NA,18284.25065,NA,8513.735028
532,DSTN,NA,NA,NA,6651.577148,NA,5612.789225
533,RDX,NA,NA,NA,8032.550944,NA,5807.569987
534,AK1,NA,NA,NA,9469.978189,NA,7084.875977
535,NES,NA,NA,NA,4689.309896,NA,6057.482585
536,CORO1C,NA,NA,NA,7175.644206,NA,5310.076172
537,HYOU1,NA,NA,NA,6855.628092,NA,6263.430339
538,PDHB,NA,NA,NA,6691.252278,NA,6799.180664
539,HMGN4,NA,NA,NA,1943.163737,NA,5081.044597
540,SSB,NA,NA,NA,6036.209473,NA,5605.597493
541,HDGF,NA,NA,NA,10760.16504,NA,6319.951335
542,DNM2,NA,NA,NA,7937.013998,NA,7219.421549
543,RPL13A,NA,NA,NA,4267.184245,NA,6463.301269
544,LSAMP,NA,NA,NA,7657.644694,NA,5408.530111
545,GANAB,NA,NA,NA,7856.425293,NA,6800.957357
546,PSMC3,NA,NA,NA,7735.640299,NA,6247.995768
547,ADD2,NA,NA,NA,7223.525716,NA,5576.583496
548,SLC25A4,NA,NA,NA,8742.598144,NA,6321.409342
549,ATP5MG,NA,NA,NA,8970.272786,NA,6205.88737
550,RAB1B,NA,NA,NA,7401.594726,NA,6851.842611
551,NPEPPS,NA,NA,NA,7382.271647,NA,5656.940267
552,EIF5A,NA,NA,NA,6802.923503,NA,5356.383626
553,IGF2BP2,NA,NA,NA,6092.486979,NA,6581.694499
554,PFN1,NA,NA,NA,6802.72054,NA,5475.988769
555,PSMC2,NA,NA,NA,5350.440755,NA,5255.194987
556,PAFAH1B2,NA,NA,NA,6043.509603,NA,4774.376221
557,SYP,NA,NA,NA,6878.66748,NA,5216.48877
558,RPL12,NA,NA,NA,5988.725098,NA,4987.926432
559,CANX,NA,NA,NA,11699.55306,NA,6815.97998
560,DNM1,NA,NA,NA,4234.280518,NA,5162.374024
561,LAMP1,NA,NA,NA,7996.185384,NA,5165.845215
562,CAPZB,NA,NA,NA,9383.267742,NA,5663.941894
563,SLC25A1,NA,NA,NA,5871.423828,NA,4879.853027
564,RPS28,NA,NA,NA,9617.761718,NA,5946.50293
565,ETFB,NA,NA,NA,3942.503499,NA,5737.288249
566,RALY,NA,NA,NA,4575.799479,NA,5535.008626
567,MVP,NA,NA,NA,7810.861328,NA,5063.128906
568,RPL35,NA,NA,NA,4005.846517,NA,4782.649902
569,HSPA4,NA,NA,NA,8738.645184,NA,5711.38623
570,RPL18A,NA,NA,NA,2869.884684,NA,4958.055827
571,CFL2,NA,NA,NA,7674.609538,NA,4775.80127
572,ELAVL2,NA,NA,NA,6077.593587,NA,4851.158692
573,RAB10,NA,NA,NA,7801.333333,NA,5363.381673
574,PLBD2,NA,NA,NA,6869.57487,NA,4964.62321
575,RPL38,NA,NA,NA,3165.229166,NA,4624.202474
576,ACAA2,NA,NA,NA,4562.194905,NA,5063.390462
577,APEX1,NA,NA,NA,7085.860352,NA,6004.27653
578,LMNB2,NA,NA,NA,6694.144857,NA,4543.32308
579,ACADM,NA,NA,NA,5013.180176,NA,5336.839844
580,SNX12,NA,NA,NA,5042.742025,NA,4812.9375
581,DHX15,NA,NA,NA,4051.713053,NA,4827.850586
582,LARS1,NA,NA,NA,5501.541341,NA,5005.742676
583,KRT18,NA,NA,NA,4630.966797,NA,4285.986003
584,BASP1,NA,NA,NA,13219.5402,NA,5318.123698
585,RAB6B,NA,NA,NA,5365.161458,NA,4599.157064
586,KRT8,NA,NA,NA,4684.075358,NA,5158.832519
587,MTCH2,NA,NA,NA,4821.15332,NA,4605.135905
588,SNX3,NA,NA,NA,3906.964681,NA,5223.150065
589,H1-10,NA,NA,NA,7538.316243,NA,4471.504883
590,PARP1,NA,NA,NA,4065.382487,NA,4299.338542
591,SET,NA,NA,NA,9844.515952,NA,4185.976644
592,DCLK1,NA,NA,NA,7917.10547,NA,5091.277507
593,HMGB1,NA,NA,NA,6397.321777,NA,5614.386312
594,LANCL1,NA,NA,NA,5216.96696,NA,4844.183756
595,FKBP3,NA,NA,NA,9275.08366,NA,5659.044434
596,PSMB4,NA,NA,NA,6149.100749,NA,4825.368978
597,RUVBL1,NA,NA,NA,5440.31958,NA,4303.014079
598,LDHA,NA,NA,NA,6895.425618,NA,4398.194499
599,HSD17B10,NA,NA,NA,4361.053304,NA,5084.132162
600,PSMA5,NA,NA,NA,5717.365397,NA,4989.68164
601,PYGM,NA,NA,NA,5036.940918,NA,4674.017578
602,RAB14,NA,NA,NA,8055.343099,NA,4993.766276
603,OLA1,NA,NA,NA,5832.143392,NA,4618.763672
604,PSMC1,NA,NA,NA,6068.493978,NA,4649.168782
605,TALDO1,NA,NA,NA,6558.735677,NA,4453.60848
606,RPL35A,NA,NA,NA,2851.66805,NA,4464.747722
607,AGO2,NA,NA,NA,4129.883301,NA,4837.175293
608,AK5,NA,NA,NA,5076.816081,NA,4491.55778
609,EIF4A2,NA,NA,NA,4095.490885,NA,4410.113281
610,MPP2,NA,NA,NA,3780.759847,NA,4113.668132
611,PDAP1,NA,NA,NA,8125.700847,NA,5108.833496
612,ARPC4,NA,NA,NA,4731.443685,NA,4141.676025
613,ATAT1,NA,NA,NA,6074.783529,NA,4285.215658
614,PSMD7,NA,NA,NA,5450.076823,NA,3987.153402
615,HAGH,NA,NA,NA,6595.99235,NA,5093.585612
616,ARPC1A,NA,NA,NA,4348.44987,NA,3921.877034
617,EIF4B,NA,NA,NA,5302.959961,NA,4781.00472
618,GDAP1L1,NA,NA,NA,5956.747233,NA,4379.652344
619,RTN1,NA,NA,NA,4708.872721,NA,3694.207031
620,SLC25A11,NA,NA,NA,7416.142415,NA,4156.883464
621,CYB5R3,NA,NA,NA,4427.35262,NA,4341.308431
622,DYNC1LI1,NA,NA,NA,5288.972982,NA,4100.766439
623,L1CAM,NA,NA,NA,7034.994466,NA,3501.44515
624,PDIA4,NA,NA,NA,5302.85319,NA,3959.617757
625,TEX101,NA,NA,NA,4202.18042,NA,4102.606852
626,CXADR,NA,NA,NA,5906.71582,NA,3156.001383
627,CAPZA2,NA,NA,NA,5610.226563,NA,3769.220947
628,TMED10,NA,NA,NA,4206.048828,NA,3476.412923
629,SLC25A13,NA,NA,NA,5272.001465,NA,3981.186768
630,PRKAR2A,NA,NA,NA,4247.01237,NA,3591.060628
631,FXR2,NA,NA,NA,2934.748861,NA,3657.681396
632,CARS1,NA,NA,NA,5467.58138,NA,4082.300212
633,ACTR2,NA,NA,NA,4788.08431,NA,3873.603922
634,GNAS,NA,NA,NA,4336.298665,NA,4028.296305
635,APMAP,NA,NA,NA,4077.601725,NA,3565.258382
636,PSIP1,NA,NA,NA,5651.105306,NA,4439.527262
637,RPL19,NA,NA,NA,4517.740479,NA,4154.993327
638,PPP1CA,NA,NA,NA,4313.954915,NA,4048.151286
639,PSMA3,NA,NA,NA,6086.888346,NA,4716.868896
640,IMMT,NA,NA,NA,5691.502279,NA,4015.098633
641,PRKAR2B,NA,NA,NA,5116.091309,NA,3988.714355
642,GPM6A,NA,NA,NA,3179.774984,NA,2792.414957
643,SFXN1,NA,NA,NA,5023.569499,NA,3757.34375
644,UQCRC1,NA,NA,NA,5198.037923,NA,3987.245524
645,MAP6,NA,NA,NA,6710.52946,NA,4561.326009
646,MAP2K2,NA,NA,NA,3376.326701,NA,3829.875407
647,NAP1L4,NA,NA,NA,5450.331055,NA,3686.850016
648,PDXP,NA,NA,NA,5063.947591,NA,3466.823975
649,DLST,NA,NA,NA,5165.866862,NA,3802.41512
650,HACD3,NA,NA,NA,4529.041097,NA,3791.487549
651,PCK2,NA,NA,NA,3082.055745,NA,4178.409424
652,TRIM2,NA,NA,NA,4687.087077,NA,3423.618245
653,TPM3,NA,NA,NA,8982.763346,NA,2931.385416
654,OGDH,NA,NA,NA,3906.454915,NA,3905.621338
655,AKR1C1,NA,NA,NA,3759.089843,NA,3296.417074
656,DDOST,NA,NA,NA,4487.187663,NA,3933.616699
657,GLOD4,NA,NA,NA,5265.501628,NA,3622.734294
658,ACAT1,NA,NA,NA,4958.953044,NA,3892.029459
659,IMPDH2,NA,NA,NA,4263.737305,NA,3483.499756
660,SERBP1,NA,NA,NA,5386.702067,NA,2989.185872
661,APRT,NA,NA,NA,2888.668539,NA,4295.412272
662,IARS1,NA,NA,NA,3370.032552,NA,3510.107178
663,DBN1,NA,NA,NA,6101.685221,NA,3740.972982
664,SNRPGP15;SNRPG,NA,NA,NA,2390.100993,NA,3270.815023
665,IGFBPL1,NA,NA,NA,4421.248779,NA,3863.660075
666,PRKACB,NA,NA,NA,4086.277425,NA,3413.666179
667,MTHFD1,NA,NA,NA,3384.94515,NA,3461.26237
668,EIF4A3,NA,NA,NA,3163.145915,NA,4270.774577
669,H2AC21,NA,NA,NA,5268.724365,NA,3840.302246
670,ANXA6,NA,NA,NA,4992.699544,NA,3316.304118
671,RPS17,NA,NA,NA,3126.573649,NA,3452.426351
672,RUVBL2,NA,NA,NA,5221.759928,NA,3643.955485
673,AP2M1,NA,NA,NA,4138.433757,NA,3415.711995
674,SEPTIN3,NA,NA,NA,4535.017009,NA,3375.620036
675,PSMC4,NA,NA,NA,5413.644368,NA,3464.0271
676,MAPRE2,NA,NA,NA,4066.391357,NA,3347.772135
677,KHDRBS1,NA,NA,NA,3690.200765,NA,3422.412842
678,PSMB7,NA,NA,NA,4829.859782,NA,4311.328532
679,SNRNP70,NA,NA,NA,4652.583577,NA,3478.338786
680,TRAP1,NA,NA,NA,3146.675619,NA,3394.587158
681,PA2G4,NA,NA,NA,3762.501058,NA,3573.848958
682,XRCC5,NA,NA,NA,5332.491699,NA,3832.315023
683,AHSA1,NA,NA,NA,4415.231364,NA,3515.265869
684,FLNB,NA,NA,NA,2699.110026,NA,3513.415446
685,PPP1CC,NA,NA,NA,3882.023763,NA,3342.210124
686,TMX1,NA,NA,NA,3495.262207,NA,3484.76237
687,DDAH2,NA,NA,NA,4762.547363,NA,3773.99764
688,AKR1A1,NA,NA,NA,2758.199056,NA,3237.925375
689,PFAS,NA,NA,NA,2843.450114,NA,3025.514323
690,KLC2,NA,NA,NA,4494.603678,NA,3584.814778
691,MYO5A,NA,NA,NA,5864.334961,NA,3775.001465
692,MAPK15,NA,NA,NA,8286.519856,NA,3123.629883
693,CD47,NA,NA,NA,3464.934,NA,2566.641235
694,SRP14,NA,NA,NA,3001.090332,NA,3306.695475
695,MYG1,NA,NA,NA,4154.492676,NA,3404.204427
696,SNCB,NA,NA,NA,4114.617838,NA,3223.395263
697,ERLEC1,NA,NA,NA,3616.290284,NA,3285.680583
698,RPS27,NA,NA,NA,3229.413412,NA,3452.023356
699,CKMT1A,NA,NA,NA,5531.258138,NA,3373.442139
700,PAICS,NA,NA,NA,4460.556722,NA,3319.029785
701,CMPK1,NA,NA,NA,3218.138347,NA,3329.645833
702,GLUD1,NA,NA,NA,4060.346924,NA,3782.488281
703,DGLUCY,NA,NA,NA,4204.309326,NA,3038.612956
704,ATP2A2,NA,NA,NA,3155.343913,NA,3450.573812
705,MYL12B;MYL12A,NA,NA,NA,4846.788004,NA,3309.999674
706,BCAT1,NA,NA,NA,3489.161703,NA,3235.064535
707,ECH1,NA,NA,NA,4237.595866,NA,3062.494222
708,RPL11,NA,NA,NA,3269.548014,NA,3912.076497
709,ETFA,NA,NA,NA,3154.286133,NA,3745.828451
710,MSN,NA,NA,NA,4537.650065,NA,3051.727783
711,C1orf167,NA,NA,NA,1280.775635,NA,3014.860514
712,PABPC4,NA,NA,NA,2731.966797,NA,3262.678304
713,PGLS,NA,NA,NA,4049.464844,NA,3865.712077
714,DECR1,NA,NA,NA,2507.449137,NA,3018.257731
715,GNAQ,NA,NA,NA,4586.545329,NA,3099.303711
716,PTPA,NA,NA,NA,4155.567627,NA,2974.923421
717,CORO7,NA,NA,NA,2765.17985,NA,3073.30013
718,GSTO1,NA,NA,NA,3503.091553,NA,3271.069336
719,FH,NA,NA,NA,5128.61735,NA,3324.109538
720,DCXR,NA,NA,NA,2512.229411,NA,3172.563232
721,EPRS1,NA,NA,NA,3350.806641,NA,3069.529867
722,U2AF2,NA,NA,NA,3693.842692,NA,3333.984212
723,SRM,NA,NA,NA,3280.392171,NA,3252.229004
724,VARS1,NA,NA,NA,3269.888265,NA,3901.36084
725,CTBP1,NA,NA,NA,2205.759114,NA,3651.00179
726,ESD,NA,NA,NA,5242.569824,NA,3309.164469
727,RPL29,NA,NA,NA,2958.605876,NA,2481.980184
728,RAB11B,NA,NA,NA,5408.321127,NA,3493.508952
729,RPL24,NA,NA,NA,2734.155436,NA,3302.705404
730,RPS27L,NA,NA,NA,3426.505453,NA,2526.981934
731,SLC25A22,NA,NA,NA,2956.777344,NA,2980.488851
732,PSMC6,NA,NA,NA,4138.173666,NA,3245.128662
733,GATD3B;GATD3A,NA,NA,NA,2437.128499,NA,3081.158854
734,LSS,NA,NA,NA,2072.715576,NA,2756.189779
735,STOML2,NA,NA,NA,4040.900879,NA,3003.260172
736,SEPTIN2,NA,NA,NA,1711.300862,NA,2528.878581
737,NDUFS1,NA,NA,NA,3879.63558,NA,3506.88208
738,PSMD12,NA,NA,NA,2089.561279,NA,2740.000244
739,UBE2I,NA,NA,NA,4052.247721,NA,3013.610189
740,KIF2A,NA,NA,NA,4249.870361,NA,3342.327393
741,MTRR,NA,NA,NA,1412.284464,NA,2119.695597
742,SNU13,NA,NA,NA,3728.260742,NA,3370.319417
743,SUCLA2,NA,NA,NA,3488.335368,NA,3024.312663
744,UBE2L3,NA,NA,NA,4460.619304,NA,2936.785563
745,AASDHPPT,NA,NA,NA,3245.86556,NA,2782.342936
746,ACIN1,NA,NA,NA,2650.593424,NA,3370.592285
747,STX1B,NA,NA,NA,4386.050781,NA,2809.735433
748,RPL30,NA,NA,NA,3394.623291,NA,3057.184489
749,ALDH2,NA,NA,NA,2091.155924,NA,2910.399984
750,OTUB1,NA,NA,NA,3344.118327,NA,3054.697428
751,EML4,NA,NA,NA,3458.445475,NA,2997.193603
752,TUBB4A,NA,NA,NA,4435.671061,NA,2901.601969
753,ZNF512,NA,NA,NA,4444.908203,NA,3389.61849
754,ST13,NA,NA,NA,5113.119955,NA,3519.400553
755,UBE2M,NA,NA,NA,3838.951253,NA,3621.188151
756,VAT1L,NA,NA,NA,3432.759684,NA,2654.561849
757,G3BP2,NA,NA,NA,3277.159017,NA,3056.154867
758,MAN1A1,NA,NA,NA,2678.88208,NA,2454.197062
759,IARS2,NA,NA,NA,2913.858968,NA,3267.17627
760,CORO1B,NA,NA,NA,3793.450114,NA,3005.911947
761,DNM1L,NA,NA,NA,4584.097168,NA,3140.539306
762,NDUFS3,NA,NA,NA,3824.333008,NA,3084.183512
763,TUBAL3,NA,NA,NA,9282.062826,NA,4670.010498
764,ATP6V1E1,NA,NA,NA,4944.36377,NA,2865.149414
765,ARL3,NA,NA,NA,3209.786052,NA,2984.583333
766,THY1,NA,NA,NA,5386.916178,NA,2691.126465
767,ATP6V0A1,NA,NA,NA,4017.078451,NA,2593.989177
768,CACNA2D1,NA,NA,NA,4079.873861,NA,2622.096598
769,CNP,NA,NA,NA,3209.946289,NA,2727.618815
770,RPL9,NA,NA,NA,2130.185384,NA,3094.50529
771,ATP5MF,NA,NA,NA,5707.958415,NA,3020.5507
772,PTMS,NA,NA,NA,3244.520833,NA,2628.851074
773,MARS1,NA,NA,NA,3563.395508,NA,3253.435547
774,RBM8A,NA,NA,NA,3778.851237,NA,3307.264486
775,NDUFS2,NA,NA,NA,3535.844401,NA,2807.487305
776,PAK2,NA,NA,NA,4690.12557,NA,2728.718506
777,RARS1,NA,NA,NA,3649.979329,NA,3231.953857
778,HRAS,NA,NA,NA,2596.175944,NA,2518.73051
779,CAP1,NA,NA,NA,3920.003174,NA,2783.075765
780,PSPC1,NA,NA,NA,3310.505493,NA,2567.9847
781,CYB5R1,NA,NA,NA,2693.69165,NA,2831.194173
782,SUCLG1,NA,NA,NA,2510.126302,NA,2687.26001
783,SEPTIN11,NA,NA,NA,3146.558675,NA,2699.42334
784,TMED9,NA,NA,NA,3994.482422,NA,2667.535075
785,NCKAP1,NA,NA,NA,2483.591878,NA,2776.171712
786,KLC1,NA,NA,NA,3776.124105,NA,2639.041423
787,APOO,NA,NA,NA,3570.697591,NA,2816.896566
788,G6PD,NA,NA,NA,2724.561117,NA,2768.131673
789,RPS21,NA,NA,NA,3259.100423,NA,2639.1639
790,MRTO4,NA,NA,NA,3656.227214,NA,2862.806966
791,SLC3A2,NA,NA,NA,4919.960449,NA,2720.986247
792,UBA2,NA,NA,NA,3405.885986,NA,2612.301025
793,GET3,NA,NA,NA,2495.490072,NA,2787.75
794,MAP1A,NA,NA,NA,2854.711588,NA,2570.211751
795,EPB41L1,NA,NA,NA,3451.890299,NA,2423.912028
796,POLB,NA,NA,NA,1250.769348,NA,2761.823486
797,RPL32,NA,NA,NA,1654.557414,NA,2597.390055
798,SMARCA5,NA,NA,NA,1697.847168,NA,3050.028076
799,ARPC2,NA,NA,NA,2830.173991,NA,2566.052816
800,DST,NA,NA,NA,3495.078613,NA,2352.608073
801,P4HB,NA,NA,NA,3000.082194,NA,2618.552083
802,RPLP0,NA,NA,NA,3752.186931,NA,2719.378988
803,EIF3E,NA,NA,NA,2910.944661,NA,2810.929525
804,UBE2D3,NA,NA,NA,2132.454346,NA,2705.699219
805,GPX1,NA,NA,NA,2894.630941,NA,3571.081787
806,EIF2S3,NA,NA,NA,2486.0118,NA,2171.534953
807,HSDL1,NA,NA,NA,2352.54598,NA,2411.970703
808,QDPR,NA,NA,NA,3135.742676,NA,2729.688151
809,RPL36A,NA,NA,NA,3117.942952,NA,2718.401204
810,ME2,NA,NA,NA,2572.565348,NA,2596.438883
811,CRIP2,NA,NA,NA,3965.820231,NA,2803.541829
812,ALDOC,NA,NA,NA,3451.61792,NA,2795.767822
813,PSMB5,NA,NA,NA,3488.300863,NA,3128.245524
814,PPP1R7,NA,NA,NA,3657.049316,NA,2668.974365
815,PSMD11,NA,NA,NA,2548.06836,NA,2665.148112
816,COPA,NA,NA,NA,2389.149943,NA,2647.929118
817,EIF3C,NA,NA,NA,3485.816895,NA,3112.635661
818,RHOB,NA,NA,NA,3281.080566,NA,2527.834391
819,ACTN1,NA,NA,NA,3928.333822,NA,2355.228841
820,PSMD2,NA,NA,NA,2137.626302,NA,2234.620809
821,RAB1A,NA,NA,NA,2779.283773,NA,2040.937541
822,FARSB,NA,NA,NA,3453.833415,NA,2604.661865
823,SFXN3,NA,NA,NA,3740.841064,NA,2468.319662
824,EIF3I,NA,NA,NA,1827.783284,NA,2105.235636
825,SND1,NA,NA,NA,2788.726969,NA,2831.010254
826,PPP2R2A,NA,NA,NA,4234.922119,NA,2822.962158
827,DYNC1I2,NA,NA,NA,5064.686605,NA,3002.292073
828,ZC2HC1A,NA,NA,NA,3226.426107,NA,2814.170003
829,GTPBP4,NA,NA,NA,1779.560384,NA,3061.124837
830,DLAT,NA,NA,NA,2573.011271,NA,2699.475586
831,LRRC47,NA,NA,NA,2918.960042,NA,2264.501098
832,SDHA,NA,NA,NA,2054.267985,NA,2634.505208
833,ORMDL2;ORMDL1,NA,NA,NA,24771.94035,NA,5630.327759
834,TIMM44,NA,NA,NA,1677.056559,NA,2224.374349
835,ATIC,NA,NA,NA,2943.247233,NA,2778.676839
836,NUDT21,NA,NA,NA,2918.4646,NA,2613.288574
837,GNS,NA,NA,NA,4616.649577,NA,2694.367432
838,SRSF9,NA,NA,NA,3942.479655,NA,2916.328125
839,GSPT1,NA,NA,NA,2518.629313,NA,2590.378744
840,XPNPEP1,NA,NA,NA,3603.852132,NA,2603.623291
841,LIN7A,NA,NA,NA,2926.749349,NA,2219.226522
842,LMAN2,NA,NA,NA,3033.253988,NA,2430.828451
843,RAB3A,NA,NA,NA,4426.882324,NA,2108.058797
844,PTPN1,NA,NA,NA,2213.27181,NA,2207.019206
845,SNRPA1,NA,NA,NA,2804.139648,NA,2583.099284
846,CYC1,NA,NA,NA,2484.799845,NA,2344.723796
847,ETF1,NA,NA,NA,3027.708821,NA,2384.123372
848,EPHX1,NA,NA,NA,2618.979004,NA,2478.162435
849,TMPO,NA,NA,NA,3782.97111,NA,2698.88737
850,ACTR1A,NA,NA,NA,4482.72526,NA,2629.096029
851,GPC2,NA,NA,NA,3012.359863,NA,2641.926351
852,KIF21A,NA,NA,NA,3075.308024,NA,2297.916992
853,NUDC,NA,NA,NA,6352.834961,NA,3084.465495
854,HADHA,NA,NA,NA,2595.386637,NA,2931.934652
855,HARS1,NA,NA,NA,2884.179932,NA,2446.11141
856,TFAM,NA,NA,NA,4830.100749,NA,2622.40389
857,CEP170,NA,NA,NA,3343.002034,NA,1989.040324
858,RBX1,NA,NA,NA,3628.031982,NA,1670.774699
859,ASNS,NA,NA,NA,2733.628988,NA,2619.739828
860,USP14,NA,NA,NA,3044.368164,NA,2535.651774
861,KIF5B,NA,NA,NA,2295.275106,NA,2414.014811
862,PLPPR3,NA,NA,NA,2827.096354,NA,2098.185465
863,CYCS,NA,NA,NA,2676.411052,NA,2314.17041
864,ACADVL,NA,NA,NA,1125.899984,NA,2435.757243
865,RCC2,NA,NA,NA,1810.660238,NA,2349.354004
866,CNTFR,NA,NA,NA,3116.808919,NA,2103.064819
867,VPS29,NA,NA,NA,2654.590983,NA,2536.352783
868,AK3,NA,NA,NA,2128.496094,NA,2387.128011
869,EEF1A2,NA,NA,NA,2995.998698,NA,2269.461588
870,MAPK10,NA,NA,NA,1896.806966,NA,2172.942139
871,RAC1,NA,NA,NA,3709.317546,NA,2484.937256
872,CIRBP,NA,NA,NA,3170.801554,NA,1971.764974
873,POTEI,NA,NA,NA,5345.59318,NA,2504.121256
874,AHCYL1,NA,NA,NA,1571.9375,NA,1912.904175
875,BLMH,NA,NA,NA,3717.407715,NA,2123.481567
876,RPS24,NA,NA,NA,2611.777222,NA,2344.813884
877,SF3B3,NA,NA,NA,2458.227702,NA,2232.712402
878,UBE2K,NA,NA,NA,1674.387248,NA,2159.111288
879,SNRPA,NA,NA,NA,3419.910238,NA,2522.121582
880,ATP1B3,NA,NA,NA,2629.435303,NA,2209.491048
881,PALM,NA,NA,NA,2858.61084,NA,1654.039388
882,PDXK,NA,NA,NA,1688.416463,NA,2017.236247
883,ATAD3A,NA,NA,NA,2012.790161,NA,2278.872233
884,IMPA1,NA,NA,NA,3281.085693,NA,2179.114705
885,UGP2,NA,NA,NA,3865.999512,NA,2109.232381
886,PSMD3,NA,NA,NA,2138.905558,NA,2333.099121
887,CYFIP1,NA,NA,NA,2241.194336,NA,2330.194499
888,TMEM30A,NA,NA,NA,2308.57308,NA,1892.83606
889,HUWE1,NA,NA,NA,2601.970784,NA,2483.458089
890,RPN2,NA,NA,NA,2977.01945,NA,2388.463134
891,FSD1,NA,NA,NA,2220.832967,NA,2025.038981
892,SRRT,NA,NA,NA,2079.069621,NA,2009.420166
893,AFG3L2,NA,NA,NA,2664.208415,NA,2402.158854
894,PIN1,NA,NA,NA,3157.092692,NA,2022.86084
895,AFAP1,NA,NA,NA,2224.699056,NA,2373.672445
896,PSMB3,NA,NA,NA,3284.504476,NA,2468.926026
897,VAPA,NA,NA,NA,1891.765666,NA,1933.16158
898,ALDH4A1,NA,NA,NA,2287.847005,NA,2290.647257
899,ATP5MD,NA,NA,NA,2687.470866,NA,2271.017252
900,AARS1,NA,NA,NA,3004.74471,NA,2567.319173
901,YES1,NA,NA,NA,2417.639038,NA,2149.406738
902,LONP1,NA,NA,NA,1895.879313,NA,2228.37203
903,AP3B2,NA,NA,NA,1725.30127,NA,2206.174561
904,ASMTL,NA,NA,NA,1497.502116,NA,2243.683838
905,AMPD2,NA,NA,NA,3188.802816,NA,2081.308879
906,NDUFB6,NA,NA,NA,4163.338949,NA,2433.109294
907,SNRPD2,NA,NA,NA,2737.571126,NA,2112.255697
908,NAP1L1,NA,NA,NA,3404.67456,NA,2104.581014
909,EIF3A,NA,NA,NA,2101.208781,NA,2303.617432
910,ABHD10,NA,NA,NA,2875.671468,NA,2162.290202
911,RPL23A,NA,NA,NA,2932.436768,NA,2201.67867
912,SCCPDH,NA,NA,NA,2998.398926,NA,2495.69987
913,HMGN1,NA,NA,NA,2405.270569,NA,2634.363403
914,ATP6V0D1,NA,NA,NA,3740.17098,NA,2442.915934
915,RPL34,NA,NA,NA,2223.803263,NA,2533.233805
916,RPS19,NA,NA,NA,3146.473877,NA,2046.28947
917,DBNL,NA,NA,NA,2918.308024,NA,2197.038411
918,GMPS,NA,NA,NA,2064.182332,NA,2573.514811
919,CPNE1,NA,NA,NA,2216.850749,NA,2194.241211
920,PPP3CB,NA,NA,NA,2834.052572,NA,2272.394775
921,BIN1,NA,NA,NA,2673.090332,NA,1910.183757
922,DDT,NA,NA,NA,3233.36792,NA,2835.838216
923,IRGQ,NA,NA,NA,2467.84493,NA,1771.366292
924,DCTN1,NA,NA,NA,3791.733399,NA,2574.062663
925,ELAVL3,NA,NA,NA,1818.341105,NA,2280.566569
926,ANK2,NA,NA,NA,3812.606445,NA,2434.794271
927,PTBP1,NA,NA,NA,2285.636475,NA,2081.055216
928,SYT2,NA,NA,NA,3590.744873,NA,2269.80249
929,SEC23A,NA,NA,NA,1637.548665,NA,2118.671428
930,PPME1,NA,NA,NA,2062.855062,NA,1938.919271
931,TOP2B,NA,NA,NA,2206.438151,NA,2378.460612
932,PSMA2,NA,NA,NA,3191.243286,NA,2400.812134
933,TOMM20,NA,NA,NA,4373.370768,NA,2008.544637
934,SEC61B,NA,NA,NA,3171.272949,NA,2198.090454
935,PPP3CA,NA,NA,NA,1796.952311,NA,1819.757406
936,GRHPR,NA,NA,NA,2152.068929,NA,2149.863932
937,CCAR2,NA,NA,NA,1787.624634,NA,2083.658162
938,LMNA,NA,NA,NA,2769.857096,NA,2152.660156
939,NDUFV1,NA,NA,NA,2650.824544,NA,2351.006185
940,HSPH1,NA,NA,NA,2459.795329,NA,2231.922933
941,GLO1,NA,NA,NA,2601.10319,NA,2237.087728
942,SLIRP,NA,NA,NA,2427.343221,NA,2023.243367
943,DYNLL1,NA,NA,NA,2323.053182,NA,2292.476766
944,CHMP4B,NA,NA,NA,3730.705322,NA,2473.29598
945,FDPS,NA,NA,NA,2026.037516,NA,2081.739339
946,MAP4,NA,NA,NA,4765.617188,NA,2726.063232
947,ALDH6A1,NA,NA,NA,1463.5413,NA,2053.052206
948,CMAS,NA,NA,NA,2223.661906,NA,2108.590088
949,ATP6V1H,NA,NA,NA,1995.462362,NA,2123.575033
950,C1QBP,NA,NA,NA,2483.94222,NA,1950.861369
951,RAB4A,NA,NA,NA,2241.973999,NA,1958.36792
952,ISYNA1,NA,NA,NA,3311.269775,NA,1944.621012
953,HNRNPUL1,NA,NA,NA,1910.996948,NA,2310.553711
954,NOVA1,NA,NA,NA,2478.070963,NA,2156.161987
955,STUB1,NA,NA,NA,1976.016683,NA,1572.405111
956,KRT19,NA,NA,NA,2304.350179,NA,2200.364339
957,EIF3D,NA,NA,NA,1696.586914,NA,2021.507528
958,SNAP91,NA,NA,NA,2962.662191,NA,2145.270956
959,ATAD1,NA,NA,NA,2245.074341,NA,1903.483073
960,SNRPB,NA,NA,NA,2503.207642,NA,1953.964722
961,TOP1,NA,NA,NA,2248.126343,NA,2168.437297
962,VPS4A,NA,NA,NA,2424.13029,NA,2083.587036
963,LRRK1,NA,NA,NA,2305.051839,NA,2093.740031
964,CCAR1,NA,NA,NA,1540.363566,NA,1922.183919
965,NIPSNAP3A,NA,NA,NA,2196.233154,NA,1955.091553
966,NOP56,NA,NA,NA,1731.217407,NA,2429.740641
967,GDAP1,NA,NA,NA,2577.504964,NA,1886.389079
968,LIN7C,NA,NA,NA,3029.985758,NA,1681.632121
969,PSMD14,NA,NA,NA,1671.509847,NA,2053.934082
970,CKAP4,NA,NA,NA,2891.17513,NA,2006.095093
971,NDUFB4,NA,NA,NA,3393.812174,NA,2149.41158
972,FIBP,NA,NA,NA,3377.130982,NA,2207.850545
973,RAB18,NA,NA,NA,2045.243083,NA,2042.830281
974,DDX6,NA,NA,NA,1934.862589,NA,1992.162638
975,TOMM70,NA,NA,NA,2166.809286,NA,2076.070394
976,TECR,NA,NA,NA,1376.67688,NA,2031.164673
977,ATP5F1D,NA,NA,NA,1424.317444,NA,2032.315959
978,ECI1,NA,NA,NA,2233.325358,NA,1838.702474
979,MYO18A,NA,NA,NA,2754.771891,NA,2061.953898
980,PRMT5,NA,NA,NA,2302.85319,NA,1875.509237
981,SART3,NA,NA,NA,1577.025106,NA,2171.294149
982,COPS2,NA,NA,NA,2448.114014,NA,1963.988973
983,ACTR3,NA,NA,NA,3019.290528,NA,1986.228556
984,SF3B2,NA,NA,NA,2876.879557,NA,2220.39917
985,RAP1GDS1,NA,NA,NA,2180.447835,NA,2142.645915
986,NOP58,NA,NA,NA,1673.4823,NA,2258.094035
987,CTSC,NA,NA,NA,1652.323405,NA,2004.891276
988,CTNNA2,NA,NA,NA,2584.430013,NA,1773.594279
989,OXSR1,NA,NA,NA,2395.275553,NA,1974.564901
990,MTHFD2,NA,NA,NA,1757.010132,NA,2169.410319
991,EIF3L,NA,NA,NA,1325.319539,NA,1657.365194
992,CYRIB,NA,NA,NA,3162.044108,NA,1917.584554
993,MPDU1,NA,NA,NA,2468.393555,NA,1848.091756
994,GNAZ,NA,NA,NA,2192.88619,NA,1885.446696
995,CHD4,NA,NA,NA,1728.996663,NA,1986.019694
996,ACP2,NA,NA,NA,2572.804281,NA,1790.576497
997,ARPC5,NA,NA,NA,2278.082886,NA,1788.292806
998,BZW1,NA,NA,NA,1602.295614,NA,1803.315226
999,PSMD13,NA,NA,NA,2508.953206,NA,2501.003825
1000,EIF4H,NA,NA,NA,2961.776367,NA,1844.801961
1001,AP3D1,NA,NA,NA,1735.795939,NA,1730.315592
1002,GPS1,NA,NA,NA,1423.111125,NA,1904.219157
1003,PGAM5,NA,NA,NA,1786.310262,NA,1832.366211
1004,ALDH9A1,NA,NA,NA,1273.98702,NA,2114.45935
1005,INTS9,NA,NA,NA,8630.536944,NA,2328.586955
1006,CAD,NA,NA,NA,1588.96521,NA,2057.675863
1007,GTF2I,NA,NA,NA,1741.807902,NA,1896.302124
1008,PSMD6,NA,NA,NA,1677.833944,NA,1632.159058
1009,TNPO1,NA,NA,NA,2242.540771,NA,1888.986857
1010,MAPK1,NA,NA,NA,2079.693156,NA,1766.264038
1011,NAPA,NA,NA,NA,1790.562947,NA,1868.647949
1012,RAB5C,NA,NA,NA,2464.45638,NA,2060.51058
1013,BZW2,NA,NA,NA,1682.733643,NA,1688.226848
1014,LETM1,NA,NA,NA,1652.308065,NA,1598.796183
1015,LRRC40,NA,NA,NA,2425.461019,NA,1746.129964
1016,PPP5C,NA,NA,NA,2248.302978,NA,1690.919841
1017,ECHS1,NA,NA,NA,2160.107015,NA,1941.33252
1018,UBE2D1,NA,NA,NA,2145.096436,NA,1661.210002
1019,NSFL1C,NA,NA,NA,2911.539388,NA,1643.91687
1020,RUFY2,NA,NA,NA,3492.493896,NA,1902.78304
1021,EIF2S1,NA,NA,NA,2731.624023,NA,2214.218831
1022,RAB6A,NA,NA,NA,2817.741455,NA,1999.635091
1023,VBP1,NA,NA,NA,1919.038493,NA,1499.944173
1024,IVD,NA,NA,NA,1897.62797,NA,1931.650716
1025,CELF1,NA,NA,NA,1066.983704,NA,1694.74585
1026,PITHD1,NA,NA,NA,2270.975016,NA,1566.555135
1027,GART,NA,NA,NA,1800.24174,NA,1815.684001
1028,NDUFA4,NA,NA,NA,2128.467041,NA,1879.94633
1029,NLN,NA,NA,NA,1973.122233,NA,1711.590128
1030,DDAH1,NA,NA,NA,4569.026042,NA,2361.117961
1031,TIMM50,NA,NA,NA,1847.397379,NA,1841.85909
1032,ACSL3,NA,NA,NA,1391.846151,NA,1785.638428
1033,NDUFAF4,NA,NA,NA,1162.325318,NA,1597.538045
1034,SYN1,NA,NA,NA,2600.661702,NA,1739.70398
1035,GLB1,NA,NA,NA,2079.880574,NA,1812.942871
1036,SNCA,NA,NA,NA,2284.286051,NA,1697.014404
1037,ARF5,NA,NA,NA,2411.516154,NA,1831.731527
1038,EIF5B,NA,NA,NA,1958.99882,NA,1940.610148
1039,QARS1,NA,NA,NA,1721.85022,NA,1973.778849
1040,NDUFB10,NA,NA,NA,2460.260579,NA,1717.730509
1041,MARCKSL1,NA,NA,NA,5577.843669,NA,1908.432536
1042,SLC18A3,NA,NA,NA,1944.158163,NA,1550.054647
1043,SDHB,NA,NA,NA,1976.897136,NA,2166.031413
1044,ARL6IP5,NA,NA,NA,2924.489665,NA,1839.098266
1045,MRPS25,NA,NA,NA,2782.340169,NA,1480.875936
1046,CORO2B,NA,NA,NA,1665.006999,NA,1851.569499
1047,STRAP,NA,NA,NA,1757.607259,NA,1611.588297
1048,CKAP5,NA,NA,NA,1500.317179,NA,1693.66984
1049,TRIM3,NA,NA,NA,2214.171997,NA,2169.551351
1050,TPP2,NA,NA,NA,1906.772176,NA,1551.18278
1051,HSPA4L,NA,NA,NA,2472.465413,NA,1906.828817
1052,PRPF8,NA,NA,NA,1781.698486,NA,2228.183268
1053,NDUFA13,NA,NA,NA,2229.250163,NA,2148.100342
1054,TBCA,NA,NA,NA,3252.194946,NA,1421.29657
1055,RBM12,NA,NA,NA,2418.616821,NA,1639.91036
1056,ARCN1,NA,NA,NA,2057.81425,NA,1714.571696
1057,SLC25A24,NA,NA,NA,1667.044678,NA,1523.584228
1058,NEDD8,NA,NA,NA,3166.555827,NA,1947.427124
1059,SMARCC1,NA,NA,NA,1869.831624,NA,1829.033895
1060,RAB8B,NA,NA,NA,1367.244426,NA,1686.939819
1061,VAMP2,NA,NA,NA,3057.303548,NA,1857.42513
1062,PNPT1,NA,NA,NA,1435.568563,NA,1753.287761
1063,SH3GLB1,NA,NA,NA,2443.295492,NA,1672.72465
1064,SUGP2,NA,NA,NA,1866.208781,NA,1926.346558
1065,CTTN,NA,NA,NA,3023.855143,NA,1683.013265
1066,RPL21,NA,NA,NA,2517.617106,NA,1853.044271
1067,HADH,NA,NA,NA,1272.246297,NA,1712.788737
1068,DEK,NA,NA,NA,1848.674317,NA,1964.007202
1069,MT-ND4,NA,NA,NA,1612.509562,NA,2011.174927
1070,RSL1D1,NA,NA,NA,1502.382487,NA,2036.937012
1071,SSRP1,NA,NA,NA,2125.312378,NA,2062.293376
1072,NT5DC2,NA,NA,NA,1419.969198,NA,1805.111084
1073,EHD3,NA,NA,NA,1981.283488,NA,1733.927694
1074,EIF5,NA,NA,NA,1899.899984,NA,1569.13265
1075,ALYREF,NA,NA,NA,2963.944906,NA,1641.829712
1076,COPG1,NA,NA,NA,1522.610881,NA,1757.875732
1077,PMVK,NA,NA,NA,1469.078247,NA,1764.191081
1078,RAE1,NA,NA,NA,1175.674195,NA,1462.022379
1079,FEN1,NA,NA,NA,1943.233887,NA,1751.640421
1080,CTPS1,NA,NA,NA,1704.98287,NA,1798.31075
1081,CYFIP2,NA,NA,NA,1968.202189,NA,1624.859538
1082,EIF1AX,NA,NA,NA,3415.595174,NA,2077.764811
1083,TRIQK,NA,NA,NA,3389.030762,NA,2650.767782
1084,SEC31A,NA,NA,NA,1731.719238,NA,1715.095622
1085,AIFM1,NA,NA,NA,2047.922974,NA,1781.110026
1086,CLIC4,NA,NA,NA,1583.486613,NA,1512.917399
1087,EHD1,NA,NA,NA,2109.043701,NA,1654.314657
1088,CBR1,NA,NA,NA,1287.586019,NA,1705.254354
1089,OPA1,NA,NA,NA,1813.579793,NA,1660.379028
1090,SYNGR3,NA,NA,NA,1715.858765,NA,1533.690226
1091,PDCD6IP,NA,NA,NA,2167.508341,NA,1816.566366
1092,TP53I11,NA,NA,NA,1755.169271,NA,1557.41447
1093,HINT1,NA,NA,NA,1906.667419,NA,1584.451131
1094,BLVRA,NA,NA,NA,1569.488932,NA,2033.570353
1095,COPG2,NA,NA,NA,1447.225179,NA,1600.741007
1096,MOGS,NA,NA,NA,1701.6156,NA,1694.802246
1097,DPM1,NA,NA,NA,1564.470011,NA,1807.524821
1098,GSK3B,NA,NA,NA,1546.359579,NA,1465.449381
1099,IPO7,NA,NA,NA,1649.095825,NA,1675.744263
1100,CDC42,NA,NA,NA,2003.901652,NA,1340.80542
1101,TBC1D24,NA,NA,NA,1575.667074,NA,1632.533081
1102,NDUFA10,NA,NA,NA,2383.266439,NA,2392.423666
1103,SF3B1,NA,NA,NA,1914.311808,NA,1650.885295
1104,CAMKV,NA,NA,NA,1470.816732,NA,1443.908447
1105,SAFB2,NA,NA,NA,1976.071981,NA,1630.728841
1106,PMPCA,NA,NA,NA,1151.677247,NA,1641.467326
1107,ERLIN2,NA,NA,NA,1470.857951,NA,1788.386678
1108,MRPS27,NA,NA,NA,1551.942179,NA,1832.857422
1109,HDAC2,NA,NA,NA,1676.687907,NA,1854.072184
1110,NDUFA12,NA,NA,NA,1544.673177,NA,1707.135539
1111,CBX5,NA,NA,NA,1915.146729,NA,1752.990357
1112,SH3GL2,NA,NA,NA,2130.597005,NA,1549.297567
1113,CNOT3,NA,NA,NA,2087.784058,NA,1566.494588
1114,CDH2,NA,NA,NA,1478.885682,NA,1460.514404
1115,GNL1,NA,NA,NA,2412.297567,NA,1855.251506
1116,DTD1,NA,NA,NA,3273.070231,NA,1966.728679
1117,SNAP25,NA,NA,NA,1548.837036,NA,1592.50118
1118,WARS1,NA,NA,NA,2583.216797,NA,1850.868042
1119,ALDH3A2,NA,NA,NA,1119.961507,NA,1522.391968
1120,DYNC1LI2,NA,NA,NA,1966.31486,NA,1430.237752
1121,WDR18,NA,NA,NA,1610.393962,NA,1700.018962
1122,SNRNP200,NA,NA,NA,2077.973714,NA,2028.8302
1123,DENR,NA,NA,NA,2369.663615,NA,1616.36324
1124,PSAT1,NA,NA,NA,2370.890259,NA,1559.094442
1125,MRPS22,NA,NA,NA,1866.21521,NA,1553.74882
1126,RALA,NA,NA,NA,2496.253703,NA,1604.541992
1127,ARHGAP1,NA,NA,NA,1902.331421,NA,1638.244222
1128,RTCA,NA,NA,NA,1470.642253,NA,1530.335653
1129,SMARCC2,NA,NA,NA,1883.255168,NA,1584.154704
1130,SUGT1,NA,NA,NA,2170.835042,NA,1425.922079
1131,FBLL1,NA,NA,NA,1732.124308,NA,1795.383423
1132,RAB5A,NA,NA,NA,1890.824625,NA,1617.80192
1133,TMEM205,NA,NA,NA,3125.797526,NA,2076.950602
1134,GPD2,NA,NA,NA,1634.48405,NA,1585.29419
1135,GLRX3,NA,NA,NA,2294.304769,NA,1675.126912
1136,TIA1,NA,NA,NA,1576.718506,NA,1555.685466
1137,NAPG,NA,NA,NA,2256.532918,NA,1516.571452
1138,EPB41,NA,NA,NA,1439.11084,NA,1351.54301
1139,RANBP2,NA,NA,NA,1173.31311,NA,1718.506104
1140,RBFOX2;RBFOX1,NA,NA,NA,1167.431315,NA,1398.585653
1141,FARSA,NA,NA,NA,1556.272298,NA,1429.575521
1142,DCTN2,NA,NA,NA,1666.343689,NA,1305.91687
1143,TGIF1,NA,NA,NA,1278.293091,NA,1534.108948
1144,DHCR7,NA,NA,NA,1338.286662,NA,1467.493408
1145,PDHX,NA,NA,NA,1638.072754,NA,1498.893067
1146,IPO9,NA,NA,NA,1577.406983,NA,1435.841512
1147,ARPC5L,NA,NA,NA,1484.184245,NA,1275.161235
1148,SLC2A3,NA,NA,NA,2011.321737,NA,1307.571696
1149,AP3S1,NA,NA,NA,1811.34961,NA,1454.549601
1150,MACF1,NA,NA,NA,1897.127808,NA,1462.391032
1151,PYM1,NA,NA,NA,3103.425863,NA,1878.999715
1152,NDUFAF3,NA,NA,NA,1544.324708,NA,1823.247477
1153,LCMT1,NA,NA,NA,1859.384359,NA,1609.521525
1154,CLIP2,NA,NA,NA,2349.505086,NA,1730.506266
1155,LANCL2,NA,NA,NA,1706.765055,NA,1425.341024
1156,CRABP2,NA,NA,NA,1521.619588,NA,1397.114502
1157,FKBP8,NA,NA,NA,1144.830241,NA,1436.007894
1158,HSD17B12,NA,NA,NA,1630.086304,NA,1716.932414
1159,TXNRD1,NA,NA,NA,2362.925497,NA,1413.95402
1160,GNAI3,NA,NA,NA,2888.0743,NA,1639.423991
1161,POR,NA,NA,NA,2581.663981,NA,1719.111531
1162,DCTN4,NA,NA,NA,1719.838216,NA,1532.19458
1163,YTHDF3,NA,NA,NA,1803.536092,NA,1354.199545
1164,ATP2B1,NA,NA,NA,1984.780192,NA,1566.283895
1165,SNX4,NA,NA,NA,1556.223063,NA,1384.395345
1166,FKBP2,NA,NA,NA,1998.359863,NA,1455.293864
1167,PACSIN2,NA,NA,NA,2020.125081,NA,1564.000041
1168,GSS,NA,NA,NA,2003.173258,NA,1409.002116
1169,PPFIA2,NA,NA,NA,2043.582316,NA,1458.939209
1170,PRKRA,NA,NA,NA,1954.841838,NA,1546.740031
1171,APEH,NA,NA,NA,2375.164713,NA,1489.672241
1172,AAK1,NA,NA,NA,2204.326986,NA,1619.915568
1173,CNDP2,NA,NA,NA,2088.549723,NA,1402.314779
1174,PUF60,NA,NA,NA,1759.784383,NA,1448.098796
1175,SIAE,NA,NA,NA,1403.553263,NA,1588.416748
1176,CTBP2,NA,NA,NA,1173.958089,NA,1776.303752
1177,NFASC,NA,NA,NA,1950.590739,NA,1335.911906
1178,CAPZA1,NA,NA,NA,4426.3632,NA,1759.763428
1179,VPS26B,NA,NA,NA,1605.694784,NA,1417.101563
1180,SMARCA4,NA,NA,NA,1432.26058,NA,1531.343425
1181,NDUFA2,NA,NA,NA,2026.105469,NA,1390.381917
1182,AK2,NA,NA,NA,2180.749105,NA,1253.795492
1183,BUB3,NA,NA,NA,2084.045817,NA,1703.881632
1184,SRP68,NA,NA,NA,1634.90686,NA,1501.425659
1185,MRPL54,NA,NA,NA,2493.787598,NA,1909.927409
1186,NAPB,NA,NA,NA,1695.60026,NA,1736.027751
1187,SEPTIN5,NA,NA,NA,2156.25765,NA,1297.254354
1188,ATP6V1C1,NA,NA,NA,1813.825765,NA,1369.345337
1189,VTA1,NA,NA,NA,2144.837891,NA,1302.432943
1190,CUL3,NA,NA,NA,1609.056396,NA,1386.103557
1191,NANS,NA,NA,NA,1540.929891,NA,1476.954631
1192,HSP90AB2P,NA,NA,NA,2347.326823,NA,1651.875407
1193,STX12,NA,NA,NA,1643.615722,NA,1330.9292
1194,SOD2,NA,NA,NA,3571.979818,NA,1779.697225
1195,GAA,NA,NA,NA,1844.812419,NA,1683.43453
1196,XPO7,NA,NA,NA,1740.33134,NA,1613.416992
1197,ZNF326,NA,NA,NA,2431.764608,NA,1606.762899
1198,BSCL2,NA,NA,NA,1287.03951,NA,1796.431396
1199,ENAH,NA,NA,NA,1715.887533,NA,1303.841553
1200,EDF1,NA,NA,NA,2580.891683,NA,1865.354777
1201,LIN28A,NA,NA,NA,1621.385682,NA,1952.223145
1202,MT-ND3,NA,NA,NA,1733.996623,NA,1524.084758
1203,NUDT3,NA,NA,NA,2034.575684,NA,1239.676107
1204,TARS3,NA,NA,NA,2521.770467,NA,1571.632813
1205,HNRNPH2,NA,NA,NA,1510.358805,NA,1841.468424
1206,ADAR,NA,NA,NA,1360.827149,NA,1634.310669
1207,TMEM41B,NA,NA,NA,1370.697632,NA,1183.81661
1208,ANP32B,NA,NA,NA,1921.139608,NA,1248.373739
1209,RALB,NA,NA,NA,2079.535156,NA,1396.01001
1210,NRAS,NA,NA,NA,2409.76298,NA,1842.653524
1211,PRPF19,NA,NA,NA,1319.411662,NA,1649.723999
1212,IPO5,NA,NA,NA,1997.160238,NA,1444.789062
1213,USP9X,NA,NA,NA,1539.924439,NA,1317.562663
1214,UBE2E2,NA,NA,NA,1652.425375,NA,1491.369588
1215,PLCB1,NA,NA,NA,1654.644491,NA,1532.537679
1216,HDLBP,NA,NA,NA,1329.940674,NA,1515.135376
1217,PRPF6,NA,NA,NA,1191.0784,NA,1467.362752
1218,RTCB,NA,NA,NA,1841.499308,NA,1738.974528
1219,AGK,NA,NA,NA,1892.130981,NA,1521.866536
1220,TOMM22,NA,NA,NA,1802.151123,NA,1464.544759
1221,CBR3,NA,NA,NA,1714.842489,NA,1267.150737
1222,PPAT,NA,NA,NA,1268.52417,NA,1306.95577
1223,EZR,NA,NA,NA,2149.636882,NA,1535.63505
1224,SAMM50,NA,NA,NA,1896.772542,NA,1559.522949
1225,RPL39;RPL39P5,NA,NA,NA,1198.944702,NA,1233.706543
1226,SAE1,NA,NA,NA,1692.076294,NA,1269.304403
1227,SUSD2,NA,NA,NA,1639.664632,NA,1455.895141
1228,CACYBP,NA,NA,NA,1833.784424,NA,1356.689331
1229,GCN1,NA,NA,NA,1395.588013,NA,1536.177572
1230,PRKACA,NA,NA,NA,2443.895589,NA,1473.879435
1231,MAGED2,NA,NA,NA,1271.788086,NA,1438.122721
1232,CDS2,NA,NA,NA,1363.3538,NA,1408.616882
1233,AP2A2,NA,NA,NA,1864.006022,NA,1439.274739
1234,UBFD1,NA,NA,NA,1874.461955,NA,1341.766398
1235,RBM14,NA,NA,NA,2757.715006,NA,1593.511475
1236,SARM1,NA,NA,NA,1427.326497,NA,1358.340861
1237,ICE1,NA,NA,NA,1634.328553,NA,1342.806722
1238,KARS1,NA,NA,NA,1462.769409,NA,1354.963419
1239,SERPINH1,NA,NA,NA,1110.655884,NA,1465.107218
1240,MYH9,NA,NA,NA,1554.947673,NA,1525.676514
1241,HNRNPAB,NA,NA,NA,1714.729167,NA,1210.681844
1242,PATZ1,NA,NA,NA,2135.616658,NA,1603.524984
1243,SLC25A12,NA,NA,NA,1842.202067,NA,1333.67867
1244,ATP8A1,NA,NA,NA,1855.376302,NA,1290.919841
1245,GPRIN1,NA,NA,NA,1730.718099,NA,1194.264649
1246,MAPK3,NA,NA,NA,2172.213176,NA,1563.511312
1247,PCCB,NA,NA,NA,2176.226237,NA,1390.573568
1248,DIP2B,NA,NA,NA,1520.109985,NA,1285.153605
1249,RFC2,NA,NA,NA,1553.005819,NA,1308.364441
1250,ERO1A,NA,NA,NA,1262.274333,NA,1307.331136
1251,EIF3B,NA,NA,NA,1459.753133,NA,1332.364502
1252,VPS25,NA,NA,NA,1512.868653,NA,1519.130575
1253,NIPSNAP2,NA,NA,NA,1858.301554,NA,1711.449626
1254,TNKS1BP1,NA,NA,NA,1612.132243,NA,1293.078898
1255,KPNA3,NA,NA,NA,1674.066813,NA,1377.307942
1256,AP1G1,NA,NA,NA,1610.723266,NA,1277.249064
1257,CHCHD3,NA,NA,NA,2254.258504,NA,1459.114868
1258,PURA,NA,NA,NA,1526.794718,NA,1655.936238
1259,ASAH1,NA,NA,NA,2089.646647,NA,1188.798828
1260,EIF4E,NA,NA,NA,1919.954834,NA,1447.034301
1261,PRKCSH,NA,NA,NA,1798.512777,NA,1181.56722
1262,EIF2S2,NA,NA,NA,1734.053304,NA,1567.373535
1263,SBDS,NA,NA,NA,1778.254801,NA,1740.636922
1264,EXOC4,NA,NA,NA,1179.1427,NA,1259.242147
1265,SELENOH,NA,NA,NA,1604.095907,NA,1630.016683
1266,LAMP2,NA,NA,NA,1771.93575,NA,1279.77649
1267,NUP93,NA,NA,NA,1074.532471,NA,1445.193278
1268,TSN,NA,NA,NA,2008.97701,NA,1358.173299
1269,TBCD,NA,NA,NA,1490.264323,NA,1456.991577
1270,CDV3,NA,NA,NA,1892.627563,NA,1364.79834
1271,NECAP1,NA,NA,NA,2369.688151,NA,1305.522217
1272,CNRIP1,NA,NA,NA,1821.993205,NA,1198.911499
1273,PABPN1,NA,NA,NA,1724.85962,NA,1275.823486
1274,RBM4B,NA,NA,NA,1197.390686,NA,1277.138021
1275,NPTN,NA,NA,NA,2245.887289,NA,1360.588196
1276,AFDN,NA,NA,NA,1899.652222,NA,1401.201538
1277,AP1M1,NA,NA,NA,1699.871908,NA,1345.045735
1278,KCTD12,NA,NA,NA,1976.139201,NA,1373.164958
1279,PYCR1,NA,NA,NA,1142.643128,NA,1421.573894
1280,TCERG1,NA,NA,NA,1259.057556,NA,1407.537964
1281,RPS15,NA,NA,NA,1352.92509,NA,1495.288086
1282,CISD2,NA,NA,NA,1351.84847,NA,1201.424398
1283,PGM1,NA,NA,NA,1316.88794,NA,1230.688599
1284,VCL,NA,NA,NA,2601.998006,NA,1158.476644
1285,PYCR2,NA,NA,NA,1134.767293,NA,1443.541259
1286,CDK5,NA,NA,NA,1338.748902,NA,1358.795044
1287,TP53BP1,NA,NA,NA,1999.226156,NA,1509.388265
1288,MGST3,NA,NA,NA,2746.95166,NA,1486.721476
1289,NDUFS5,NA,NA,NA,1933.097615,NA,1307.295899
1290,SCARB2,NA,NA,NA,1618.695841,NA,1263.262513
1291,NSDHL,NA,NA,NA,1313.160685,NA,1246.588216
1292,PCYOX1,NA,NA,NA,1772.877279,NA,1235.144491
1293,SAR1A,NA,NA,NA,1246.473714,NA,1451.735555
1294,PFKM,NA,NA,NA,1376.897217,NA,1304.770752
1295,SNX6,NA,NA,NA,1162.577596,NA,1286.586589
1296,PHYHIPL,NA,NA,NA,1360.133748,NA,1238.813558
1297,NDUFA9,NA,NA,NA,1616.258749,NA,1339.88501
1298,CTNNA1,NA,NA,NA,1611.642375,NA,1348.664124
1299,TRMT2A,NA,NA,NA,2802.752075,NA,1278.83195
1300,KPNA6,NA,NA,NA,1530.255005,NA,1358.431722
1301,NDRG4,NA,NA,NA,1506.14384,NA,1414.048462
1302,GPHN,NA,NA,NA,1888.987508,NA,1246.010376
1303,TMEM33,NA,NA,NA,1578.944499,NA,1435.108887
1304,BTF3L4,NA,NA,NA,1867.773275,NA,1227.359701
1305,USP7,NA,NA,NA,1205.614827,NA,1445.255371
1306,MOB4,NA,NA,NA,1653.894165,NA,1195.869588
1307,GNG3,NA,NA,NA,1951.093994,NA,1525.194499
1308,ITGA7,NA,NA,NA,3275.938965,NA,NA
1309,GNB3,NA,NA,NA,2733.146769,NA,1281.288086
1310,FABP7,NA,NA,NA,1447.151673,NA,1198.504029
1311,KALRN,NA,NA,NA,1514.252686,NA,1213.521973
1312,ENOPH1,NA,NA,NA,1439.665202,NA,1186.707967
1313,EDC4,NA,NA,NA,1318.250651,1248.916138,1348.486084
1314,MARK3,NA,NA,NA,1712.932495,NA,1187.480021
1315,UBA6,NA,NA,NA,1098.475892,NA,1359.01945
1316,NDUFS7,NA,NA,NA,1292.664591,NA,1569.274414
1317,MPZL1,NA,NA,NA,1590.693766,NA,1151.582723
1318,PPCS,NA,NA,NA,1395.318766,NA,1234.812988
1319,RASL10B,NA,NA,NA,1837.817261,NA,1414.427612
1320,BCAP31,NA,NA,NA,1998.003825,NA,1208.507752
1321,CPSF7,NA,NA,NA,1461.69751,NA,1276.583537
1322,AARSD1,NA,NA,NA,1796.444336,NA,1360.858683
1323,RDH11,NA,NA,NA,1262.820109,NA,1423.725057
1324,PPIL3,NA,NA,NA,5823.37732,NA,1932.431681
1325,RHEB,NA,NA,NA,1402.676677,NA,1349.314535
1326,AP2S1,NA,NA,NA,1714.506226,NA,1220.056519
1327,EEF1D,NA,NA,NA,1799.27417,NA,1381.199626
1328,ERG28,NA,NA,NA,1718.514526,NA,1678.07196
1329,PFKP,NA,NA,NA,1270.338908,NA,1242.403483
1330,ACADSB,NA,NA,NA,1334.779459,NA,1430.898356
1331,CLTB,NA,NA,NA,1175.240967,NA,NA
1332,SH3PXD2B,NA,NA,NA,1699.4045,NA,1272.051432
1333,NT5C2,NA,NA,NA,1036.356567,NA,1214.763957
1334,SEC22B,NA,NA,NA,1259.786987,NA,1271.538778
1335,ATP6V1G2,NA,NA,NA,3088.318563,NA,1155.005941
1336,HSPA12A,NA,NA,NA,1435.386841,NA,1134.636739
1337,TCAF1,NA,NA,NA,1166.602173,NA,1324.698649
1338,VPS36,NA,NA,NA,1087.561442,NA,1193.283265
1339,PSMD8,NA,NA,NA,1407.666931,NA,1184.428711
1340,WDR37,NA,NA,NA,1252.449992,NA,1199.494141
1341,STT3A,NA,NA,NA,1221.557007,NA,1313.08724
1342,SEC61A1,NA,NA,NA,1233.833577,NA,1245.023031
1343,UBXN1,NA,NA,NA,2027.708333,NA,1229.191325
1344,CDC5L,NA,NA,NA,1131.267823,NA,1212.300944
1345,PPM1G,NA,NA,NA,1393.996582,NA,1177.524088
1346,COPS4,NA,NA,NA,1582.838867,NA,1257.628337
1347,NME3,NA,NA,NA,1146.824667,NA,1185.346761
1348,NAMPT,NA,NA,NA,1183.967326,NA,1197.210775
1349,SOGA3,NA,NA,NA,1807.523559,NA,1388.411214
1350,USO1,NA,NA,NA,1943.391073,NA,1215.577108
1351,ELOB,NA,NA,NA,1157.04657,NA,1414.655721
1352,PAK3,NA,NA,NA,1448.885823,NA,1353.704102
1353,GSTM2,NA,NA,NA,1171.089234,NA,1291.455241
1354,UPF1,NA,NA,NA,1032.884583,NA,1294.154053
1355,RAB3GAP2,NA,NA,NA,1610.251587,NA,1211.237508
1356,TPR,NA,NA,NA,1732.447103,NA,1228.288086
1357,GGCT,NA,NA,NA,1511.575277,NA,1192.249512
1358,DPP3,NA,NA,NA,1630.677816,NA,1147.235311
1359,STT3B,NA,NA,NA,1404.659363,NA,1260.597697
1360,PPP1CB,NA,NA,NA,1813.608683,NA,1325.233317
1361,SRC,NA,NA,NA,1101.479106,NA,1212.272888
1362,ARMC1,NA,NA,NA,1186.871257,NA,1193.530314
1363,PTPN11,NA,NA,NA,1669.268962,NA,1144.345093
1364,GTF2F2,NA,NA,NA,1294.671712,NA,1083.33256
1365,RANBP1,NA,NA,NA,1462.217163,NA,1181.557861
1366,TPM4,NA,NA,NA,3599.378255,NA,1152.149353
1367,PNPLA8,NA,NA,NA,1591.473877,NA,1165.78654
1368,NSUN2,NA,NA,NA,1525.497681,NA,1603.128052
1369,SH3GLB2,NA,NA,NA,1387.542277,NA,1194.353333
1370,YKT6,NA,NA,NA,2119.257121,NA,1228.031657
1371,CIAPIN1,NA,NA,NA,1232.659892,NA,1497.547241
1372,SRR,NA,NA,NA,1128.37378,NA,1202.501139
1373,DHX30,NA,NA,NA,1227.933187,NA,1146.37675
1374,RAB4B,NA,NA,NA,1351.351155,NA,1115.044637
1375,ROBO2,NA,NA,NA,1523.624227,NA,1117.324158
1376,STX2,NA,NA,NA,2045.768311,NA,NA
1377,CAPN1,NA,NA,NA,1122.681966,NA,1125.957153
1378,CMIP,NA,NA,NA,1277.842468,NA,1267.603109
1379,SCAMP5,NA,NA,NA,2045.123495,NA,1159.518717
1380,NIT1,NA,NA,NA,1322.144206,NA,1216.610596
1381,ALDH5A1,NA,NA,NA,1042.447571,NA,1300.583944
1382,AIDA,NA,NA,NA,1137.476196,NA,1134.580689
1383,NEO1,NA,NA,NA,1378.798767,NA,NA
1384,NAA15,NA,NA,NA,1386.966471,NA,1226.064331
1385,MAP4K4,NA,NA,NA,1398.371155,NA,1146.587077
1386,GLIPR2,NA,NA,NA,1525.814779,NA,1235.487427
1387,MECP2,NA,NA,NA,1394.132975,NA,1154.355103
1388,DNAJA2,NA,NA,NA,1341.746643,NA,1162.484437
1389,SRGAP2,NA,NA,NA,1715.921835,NA,1133.204142
1390,EIF3J,NA,NA,NA,1807.613159,NA,1113.362427
1391,GRIPAP1,NA,NA,NA,1602.766276,NA,1453.824219
1392,PRPS1,NA,NA,NA,1267.17981,NA,1134.414042
1393,ADSL,NA,NA,NA,1396.016174,NA,1088.578919
1394,AGPAT1,NA,NA,NA,1545.932007,NA,1207.41508
1395,NDUFAF1,NA,NA,NA,1291.272156,NA,NA
1396,LSM4,NA,NA,NA,2552.721517,NA,1152.666443
1397,CCDC22,NA,NA,NA,1090.547058,NA,NA
1398,CPVL,NA,NA,NA,1382.301514,NA,1158.198486
1399,CSNK2B,NA,NA,NA,1674.446655,NA,1112.629252
1400,LARP1,NA,NA,NA,2039.668946,NA,NA
1401,HDGFL2,NA,NA,NA,1487.872437,NA,1344.097494
1402,SNX30,NA,NA,NA,1239.627523,NA,1083.878093
1403,VGF,NA,NA,NA,3464.511434,NA,1143.462362
1404,CPE,NA,NA,NA,1447.983602,NA,1230.82548
1405,ARPP19,NA,NA,NA,3594.797445,NA,1354.32898
1406,SEC11A,NA,NA,NA,1341.760661,NA,1149.299764
1407,SNRPF,NA,NA,NA,1254.04777,NA,1068.957703
1408,CHMP1B,NA,NA,NA,1277.056519,NA,NA
1409,ADSS2,NA,NA,NA,1792.453003,NA,1210.494344
1410,GNA13,NA,NA,NA,1442.734945,NA,1194.483195
1411,UBE2O,NA,NA,NA,1605.278768,NA,1332.436483
1412,SF3B6,NA,NA,NA,1631.205851,NA,1096.989807
1413,API5,NA,NA,NA,1268.052612,NA,1169.320638
1414,NUDT5,NA,NA,NA,1458.858073,NA,1094.954183
1415,CORO1A,NA,NA,NA,1517.434448,NA,1084.926941
1416,CDIPT,NA,NA,NA,1185.142538,NA,1143.67928
1417,CHMP2A,NA,NA,NA,1665.202555,NA,1220.541463
1418,PRPF31,NA,NA,NA,1275.165344,NA,1182.258301
1419,MARK2,NA,NA,NA,1173.863404,NA,1360.190389
1420,TMEM160,NA,NA,NA,1088.1969,NA,1058.320801
1421,RMDN3,NA,NA,NA,1142.0271,NA,NA
1422,CADM3,NA,NA,NA,1196.388855,NA,NA
1423,UQCRQ,NA,NA,NA,1654.539429,NA,1138.059815
1424,PPP2R5D,NA,NA,NA,1277.232544,NA,1118.314779
1425,EXOC5,NA,NA,NA,1160.572815,NA,1112.054158
1426,KRAS,NA,NA,NA,1328.461222,NA,1202.876506
1427,MTDH,NA,NA,NA,1857.772909,NA,1123.946228
1428,GRK2,NA,NA,NA,1342.193644,NA,1097.715088
1429,UCHL5,NA,NA,NA,1125.91565,NA,NA
1430,PAK1,NA,NA,NA,1239.849202,NA,1031.805908
1431,ATP9A,NA,NA,NA,1394.009359,NA,1057.378235
1432,MRPS30,NA,NA,NA,1303.199219,NA,NA
1433,CTNND1,NA,NA,NA,1254.383626,NA,1073.11084
1434,DNAJC8,NA,NA,NA,1803.332234,NA,1111.781697
1435,FSD1L,NA,NA,NA,1114.205932,NA,1031.216034
1436,DNAJB11,NA,NA,NA,1187.256348,NA,1157.582459
1437,ONECUT3,NA,NA,NA,1330.481812,NA,1214.942912
1438,PIP4P2,NA,NA,NA,1611.104411,NA,1150.542236
1439,UQCR10,NA,NA,NA,1546.49349,NA,1099.511414
1440,PSMC5,NA,NA,NA,2044.937378,NA,1084.023519
1441,VAPB,NA,NA,NA,1274.636963,NA,1110.253418
1442,SERPINB9,NA,NA,NA,1463.644593,NA,1120.270264
1443,FAF2,NA,NA,NA,1079.114197,NA,1059.033488
1444,ADO,NA,NA,NA,1719.789429,NA,1239.83844
1445,DERL1,NA,NA,NA,1280.765076,NA,1159.815369
1446,OSBPL8,NA,NA,NA,1503.096802,NA,1030.784851
1447,TMCO1,NA,NA,NA,1122.459473,NA,NA
1448,PTCD3,NA,NA,NA,1052.005982,NA,1212.642171
1449,BUD31,NA,NA,NA,1075.258667,NA,NA
1450,CDK17,NA,NA,NA,2473.420573,NA,1682.021688
1451,SUPT16H,NA,NA,NA,1133.367676,NA,1186.035563
1452,TWF1,NA,NA,NA,1300.579224,NA,1065.116822
1453,TMEM11,NA,NA,NA,1348.806193,NA,1337.329183
1454,HMGCS1,NA,NA,NA,1104.9104,NA,1081.964417
1455,PPIL1,NA,NA,NA,1257.689576,NA,1029.538941
1456,WRNIP1,NA,NA,NA,1243.754883,NA,1262.939514
1457,ANK3,NA,NA,NA,1415.881063,NA,1087.275299
1458,MAP1S,NA,NA,NA,1162.198792,NA,NA
1459,PSMD4,NA,NA,NA,1091.954163,NA,NA
1460,AP1S2,NA,NA,NA,1648.182557,NA,1064.064819
1461,LTA4H,NA,NA,NA,1430.818034,NA,1018.622681
1462,TIPRL,NA,NA,NA,1974.820964,NA,1243.875631
1463,AMPH,NA,NA,NA,1516.792033,NA,1048.601074
1464,CNTNAP1,NA,NA,NA,1100.720215,NA,1030.824219
1465,CCDC124,NA,NA,NA,1836.626262,NA,1208.647827
1466,CCDC6,NA,NA,NA,1840.103516,NA,1076.711182
1467,PQBP1,NA,NA,NA,2211.432007,NA,1538.110982
1468,CALU,NA,NA,NA,1654.044983,NA,NA
1469,ACYP2,NA,NA,NA,1278.219116,NA,NA
1470,SNRPD1,NA,NA,NA,1117.800863,NA,1047.57312
1471,GSR,NA,NA,NA,1836.620402,NA,1061.288941
1472,NME1,NA,NA,NA,1336.436524,NA,NA
1473,SNX2,NA,NA,NA,1301.977905,NA,1072.393433
1474,PRPSAP2,NA,NA,NA,1269.566284,NA,1059.188599
1475,ZNF428,NA,NA,NA,2114.132161,NA,NA
1476,CSTB,NA,NA,NA,1258.75647,NA,NA
1477,NAGA,NA,NA,NA,1238.314819,NA,1076.237061
1478,ERC1,NA,NA,NA,1627.284627,NA,NA
1479,CADM1,NA,NA,NA,1639.638265,NA,NA
1480,CSNK2A2,NA,NA,NA,1422.628052,NA,1180.380554
1481,LNPK,NA,NA,NA,1259.462199,NA,NA
1482,MRPS26,NA,NA,NA,1215.619629,NA,1125.520569
1483,RCN1,NA,NA,NA,2250.875529,NA,NA
1484,TPD52L2,NA,NA,NA,1078.102692,NA,NA
1485,CBL,NA,NA,NA,1298.035929,NA,NA
1486,PPFIA3,NA,NA,NA,1090.365723,NA,NA
1487,GABARAPL2,NA,NA,NA,1403.616761,NA,NA
1488,SMC1A,NA,NA,NA,1424.875244,NA,1329.110047
1489,CDC42BPB,NA,NA,NA,1372.545817,NA,1325.90448
1490,PREB,NA,NA,NA,1257.857697,NA,NA
1491,COX20,NA,NA,NA,1131.374878,NA,NA
1492,PRRT2,NA,NA,NA,1270.715149,NA,NA
1493,STAU1,NA,NA,NA,1322.93573,NA,NA
1494,FLOT1,NA,NA,NA,1044.82721,NA,NA
1495,SSR4,NA,NA,NA,1072.74762,NA,1105.802735
1496,NDUFAF2,NA,NA,NA,1567.511353,NA,NA
1497,KIDINS220,NA,NA,NA,1262.840372,NA,1095.782654
1498,SPECC1L,NA,NA,NA,1047.546509,NA,NA
1499,CRACD,NA,NA,NA,1274.261597,NA,NA
1500,EIF3F,NA,NA,NA,1313.43097,NA,NA
1501,SLC1A4,NA,NA,NA,1419.823323,NA,NA
1502,PPIP5K2,NA,NA,NA,1185.363159,NA,NA
1503,FAM223B;FAM223A,NA,NA,NA,9223.526206,NA,2110.648743
1504,NACA4P,NA,NA,NA,1292.709412,NA,NA
1505,NCBP1,NA,NA,NA,1071.967875,NA,NA
1506,HTRA2,NA,NA,NA,1054.702189,NA,1100.258423
1507,DAP3,NA,NA,NA,1493.961121,NA,NA
1508,RO60,NA,NA,NA,1178.472534,NA,1077.934387
1509,RUSF1,NA,NA,NA,1132.434977,NA,NA
1510,ATG7,NA,NA,NA,1211.247559,NA,NA
1511,TMED2,NA,NA,NA,1468.837525,NA,NA
1512,TMEM167A,NA,NA,NA,1458.855224,NA,NA
1513,SLC2A1,NA,NA,NA,1345.494995,NA,NA
1514,ARVCF,NA,NA,NA,1351.497437,NA,1044.664856
1515,PIP4K2A,NA,NA,NA,1149.065226,NA,NA
1516,DYNLL2,NA,NA,NA,2829.17863,NA,NA
1517,ITSN1,NA,NA,NA,1202.733765,NA,NA
1518,RNMT,NA,NA,NA,1138.23523,NA,NA
1519,GALC,NA,NA,NA,1365.698079,NA,NA
1520,RBM25,NA,NA,NA,1293.130941,NA,1276.973572
1521,GABARAPL1,NA,NA,NA,1814.54419,NA,NA
1522,TMEFF1,NA,NA,NA,1289.37797,NA,NA
1523,PEPD,NA,NA,NA,1249.379761,NA,NA
1524,HCN1,NA,NA,NA,1127.420471,NA,NA
1525,H2BC11;H2BC17;H2BC3;H2BC21,NA,NA,NA,1170.389405,NA,NA
1526,PRKCB,NA,NA,NA,1317.193441,NA,NA
1527,MVD,NA,NA,NA,1030.564423,NA,NA
1528,GAPVD1,NA,NA,NA,1060.739197,NA,NA
1529,MSI1,NA,NA,NA,1032.763184,NA,1150.084473
1530,MAPK8,NA,NA,NA,1159.290914,NA,NA
1531,EIF6,NA,NA,NA,1319.140076,NA,NA
1532,TSPAN3,NA,NA,NA,2290.698914,NA,NA
1533,PACS1,NA,NA,NA,1233.072103,NA,NA
1534,CBFB,NA,NA,NA,1108.469666,NA,NA
1535,NOMO3;NOMO2,NA,NA,NA,1110.470988,NA,1070.223816
1536,COG1,NA,NA,NA,2506.919637,NA,NA
1537,TOMM40,NA,NA,NA,1163.014343,NA,NA
1538,HPRT1,NA,NA,NA,1183.14034,NA,NA
1539,TPPP,NA,NA,NA,1210.499451,NA,NA
1540,MT-ATP6,NA,NA,NA,1173.537354,NA,NA
1541,CBARP,NA,NA,NA,1357.789755,NA,NA
1542,PDS5B,NA,NA,NA,1131.108846,NA,1198.202637
1543,RBP1,NA,NA,NA,1047.691773,NA,NA
1544,ARHGEF7,NA,NA,NA,1120.059692,NA,NA
1545,G3BP1,NA,NA,NA,1683.008423,NA,NA
1546,DMTN,NA,NA,NA,1269.028382,NA,NA
1547,PRXL2A,NA,NA,NA,1231.036866,NA,NA
1548,MAP2K6,NA,NA,NA,1258.697103,NA,NA
1549,CACNA2D2,NA,NA,NA,1634.975545,NA,NA
1550,PPM1A,NA,NA,NA,1159.513367,NA,1049.134217
1551,NDUFS4,NA,NA,NA,1385.511231,NA,NA
1552,DLGAP4,NA,NA,NA,1680.80013,NA,NA
1553,ATP5ME,NA,NA,NA,2097.359711,NA,NA
1554,RBBP9,NA,NA,NA,1091.952393,NA,NA
1555,UGGT1,NA,NA,NA,1254.554525,NA,NA
1556,EMD,NA,NA,NA,1573.350871,NA,1333.574585
1557,UBE2D2,NA,NA,NA,1080.330292,NA,NA
1558,STX1A,NA,NA,NA,1535.658488,NA,NA
1559,RAB2B,NA,NA,NA,1131.041748,NA,NA
1560,COPS7B,NA,NA,NA,1348.157715,NA,NA
1561,DLG4,NA,NA,NA,1253.150146,NA,NA
1562,COPS3,NA,NA,NA,1110.833394,NA,NA
1563,MLEC,NA,NA,NA,1019.446574,NA,NA
1564,PPP1R9B,NA,NA,NA,1150.231629,NA,NA
1565,PCCA,NA,NA,NA,1351.863444,NA,NA
1566,YLPM1,NA,NA,NA,1547.581868,NA,NA
1567,TMOD2,NA,NA,NA,1347.711792,NA,NA
1568,MTAP,NA,NA,NA,1438.980469,NA,1026.019196
1569,NMT1,NA,NA,NA,1395.256307,NA,NA
1570,UBE2Z,NA,NA,NA,1083.994446,NA,NA
1571,PDCD10,NA,NA,NA,1816.967957,NA,NA
1572,PREPL,NA,NA,NA,1358.590637,NA,NA
1573,CNN3,NA,NA,NA,1350.571045,NA,NA
1574,DDX42,NA,NA,NA,1199.130676,NA,NA
1575,VPS13D,NA,NA,NA,2316.26648,NA,NA
1576,TCOF1,NA,NA,NA,2057.845764,NA,1273.270569
1577,DBI,NA,NA,NA,2531.484049,NA,NA
1578,ERGIC1,NA,NA,NA,1079.796448,NA,NA
1579,TERF2IP,NA,NA,NA,1363.144714,NA,NA
1580,NACA,NA,NA,NA,1337.086731,NA,NA
1581,ALG2,NA,NA,NA,1501.755188,NA,NA
1582,RBM10,NA,NA,NA,1336.038859,NA,NA
1583,PPP1R18,NA,NA,NA,1411.943807,NA,NA
1584,ARPIN,NA,NA,NA,1385.965027,NA,NA
1585,HMGA2,NA,NA,NA,2037.912354,NA,1055.422303
1586,AIP,NA,NA,NA,1416.148865,NA,NA
1587,GFUS,NA,NA,NA,1211.789307,NA,NA
1588,CAP2,NA,NA,NA,1217.035584,NA,NA
1589,CHORDC1,NA,NA,NA,1143.049134,NA,NA
1590,SERINC1,NA,NA,NA,1171.511048,NA,NA
1591,TUBA3C;TUBA3D,NA,NA,NA,1283.203288,NA,NA
1592,EIF2B3,NA,NA,NA,1128.713949,NA,NA
1593,FABP3,NA,NA,NA,1139.746704,NA,NA
1594,MAGEB2,NA,NA,NA,1226.178101,NA,1169.63562
1595,SDCBP,NA,NA,NA,1022.687622,NA,NA
1596,ADRM1,NA,NA,NA,1241.052816,NA,1082.958985
1597,SPTBN2,NA,NA,NA,1156.353394,NA,NA
1598,TES,NA,NA,NA,1017.868439,NA,NA
1599,GGPS1,NA,NA,NA,1394.154541,NA,NA
1600,SRPRB,NA,NA,NA,1075.676249,NA,NA
1601,CDC37,NA,NA,NA,1345.45874,NA,NA
1602,SF3B4,NA,NA,NA,1286.097535,NA,NA
1603,CMC1,NA,NA,NA,1307.503906,NA,NA
1604,GPC1,NA,NA,NA,1246.913086,NA,NA
1605,DAD1,NA,NA,NA,1354.9552,NA,NA
1606,GLG1,NA,NA,NA,1260.688355,NA,NA
1607,GIT1,NA,NA,NA,1122.927216,NA,NA
1608,LAP3,NA,NA,NA,1150.323405,NA,NA
1609,FER,NA,NA,NA,1110.354187,NA,NA
1610,CARMIL1,NA,NA,NA,1835.611206,NA,NA
1611,AKAP12,NA,NA,NA,1447.048889,NA,NA
1612,FNBP1L,NA,NA,NA,1498.98759,NA,NA
1613,JPT2,NA,NA,NA,2543.075602,NA,NA
1614,WDR82,NA,NA,NA,2583.509461,NA,NA
1615,HMGB2,NA,NA,NA,1492.643453,NA,1443.837464
1616,CLASP1,NA,NA,NA,1364.468079,NA,NA
1617,ARSB,NA,NA,NA,1029.137024,NA,NA
1618,MDN1,NA,NA,NA,3815.470988,NA,NA
1619,FDFT1,NA,NA,NA,1066.479554,NA,NA
1620,ACSL6,NA,NA,NA,1307.949677,NA,NA
1621,NEFH,NA,NA,NA,5466.8396,NA,NA
1622,PBX1,NA,NA,NA,1096.9021,NA,NA
1623,SRP9,NA,NA,NA,1302.877747,NA,NA
1624,ATP6V1G1,NA,NA,NA,2224.01884,NA,NA
1625,NOP16,NA,NA,NA,1988.590251,NA,NA
1626,TCEA2,NA,NA,NA,1196.158082,NA,NA
1627,PPP1R21,NA,NA,NA,1149.101136,NA,NA
1628,CHMP5,NA,NA,NA,1432.506592,NA,NA
1629,PTBP2,NA,NA,NA,1708.41394,NA,NA
1630,CUTA,NA,NA,NA,2031.726258,NA,NA
1631,NFS1,NA,NA,NA,3001.804606,NA,NA
1632,TPM1,NA,NA,NA,1928.066345,NA,NA
1633,NEGR1,NA,NA,NA,1029.795858,NA,NA
1634,TMEM97,NA,NA,NA,1905.182617,NA,NA
1635,FN3KRP,NA,NA,NA,2012.887696,NA,NA
1636,NDUFB5,NA,NA,NA,1692.560954,NA,NA
1637,AP5Z1,NA,NA,NA,2686.270508,NA,NA
1638,SELENOW,NA,NA,NA,1025.068177,NA,NA
1639,SCG2,NA,NA,NA,1059.092835,NA,NA
1640,SAP18,NA,NA,NA,1725.778198,NA,NA
1641,EBP,NA,NA,NA,1419.652649,NA,NA
1642,WBP11,NA,NA,NA,1142.560181,NA,NA
1643,WIPF2,NA,NA,NA,1076.707642,NA,NA
1644,CHMP1A,NA,NA,NA,2339.000305,NA,NA
1645,SHTN1,NA,NA,NA,1436.831787,NA,NA
1646,EEA1,NA,NA,NA,1516.513123,NA,NA
1647,UBE2Q1,NA,NA,NA,1326.222962,NA,NA
1648,RAB29,NA,NA,NA,3896.028971,NA,NA
1649,MACROD1,NA,NA,NA,1243.272054,NA,NA
1650,PCBD2,NA,NA,NA,2756.828675,NA,NA
1651,CCDC50,NA,NA,NA,1370.035828,NA,NA
1652,JPT1,NA,NA,NA,1873.537598,NA,NA
1653,HDHD2,NA,NA,NA,2062.921468,NA,NA
1654,ARHGAP4,NA,NA,NA,1190.886047,NA,NA
1655,STRN,NA,NA,NA,1067.29242,NA,NA
1656,SIGMAR1,NA,NA,NA,1532.722962,NA,NA
1657,SMN1,NA,NA,NA,1149.258728,NA,NA
1658,SPCS1,NA,NA,NA,1593.13269,NA,NA
1659,FBXL12,NA,NA,NA,2525.286784,NA,NA
1660,STMN2,NA,NA,NA,1335.880616,NA,NA
1661,SIRT3,NA,NA,NA,1545.679322,NA,NA
1662,DNAJC6,NA,NA,NA,1343.437744,NA,NA
1663,CCDC91,NA,NA,NA,1133.053894,NA,NA
1664,ORC4,NA,NA,NA,1776.331726,NA,NA
1665,H1-2,NA,NA,NA,1941.928467,NA,NA
1666,MPC2,NA,NA,NA,1137.875305,NA,NA
1667,MIDEAS,NA,NA,NA,6229.701824,NA,NA
1668,TNK1,NA,NA,NA,1250.606384,NA,NA
1669,DNPH1,NA,NA,NA,1395.677246,NA,NA
1670,GNG2,NA,NA,NA,2698.441772,NA,NA
1671,ENSA,NA,NA,NA,1542.722738,NA,NA
1672,LRIT1,NA,NA,NA,4116.677124,NA,NA
1673,MICOS10,NA,NA,NA,1746.613485,NA,NA
1674,ACTG1,NA,NA,NA,2418.422404,NA,NA
1675,WAPL,NA,NA,NA,1034.792114,NA,NA
1676,KRT35,NA,NA,NA,2515.495789,NA,NA
1677,ACTRT2,NA,NA,NA,1888.709534,NA,NA
1678,PPP1R1A,NA,NA,NA,1871.646607,NA,NA
1679,PDCD5,NA,NA,NA,1931.261597,NA,NA
1680,RTN4IP1,NA,NA,NA,2197.169861,NA,NA
1681,SDC2,NA,NA,NA,1236.42627,NA,NA
1682,MTMR7,NA,NA,NA,3727.958659,NA,NA
1683,RPL36AL,NA,NA,NA,2064.756592,NA,NA
1684,PRSS3,NA,NA,NA,3126.39093,NA,NA
1685,PIAS4,NA,NA,NA,1475.698609,NA,NA
1686,CDKN2D,NA,NA,NA,NA,7010.968993,NA
1687,MRPL46,NA,NA,NA,NA,1888.868734,NA
1688,FAM114A2,NA,NA,NA,NA,3396.64681,NA
1689,CCNL1,NA,NA,NA,NA,2305.8809,NA
1690,SIRPA,NA,NA,NA,NA,1564.023133,NA
1691,IGLON5,NA,NA,NA,NA,2176.568237,NA
1692,CXXC5,NA,NA,NA,NA,1994.249084,NA
1693,UNC13C,NA,NA,NA,NA,NA,1593.69281
1694,MYH14,NA,NA,NA,NA,NA,3935.079183
1695,TMEM263,NA,NA,NA,NA,NA,2765.179037
1696,TUBGCP3,NA,NA,NA,NA,NA,3176.110351
1697,UNC80,NA,NA,NA,NA,NA,3382.18396
1698,RPL37A,NA,NA,NA,NA,NA,2244.318197
1699,PCSK1N,NA,NA,NA,NA,NA,2926.627767
1700,C11orf98,NA,NA,NA,NA,NA,2623.639526
1701,PIK3C2B,NA,NA,NA,NA,NA,1981.916056
1702,PDF,NA,NA,NA,NA,NA,2023.208659
1703,KIF12,NA,NA,NA,NA,NA,1760.502564
1704,ARHGEF1,NA,NA,NA,NA,NA,1470.780111
1705,DDX21,NA,NA,NA,NA,NA,2151.840617
1706,NASP,NA,NA,NA,NA,NA,1686.314087
1707,RECQL,NA,NA,NA,NA,NA,1971.707113
1708,GFM1,NA,NA,NA,NA,NA,1855.045857
1709,SH3PXD2A,NA,NA,NA,NA,NA,6620.179158
1710,TPD52L1,NA,NA,NA,NA,NA,1398.059367
1711,PEX5,NA,NA,NA,NA,NA,1680.596842
1712,NDUFAF7,NA,NA,NA,NA,NA,1347.229614
1713,DNAJA1,NA,NA,NA,NA,NA,1346.8656
1714,MYL6,NA,NA,NA,NA,NA,1508.602702
1715,DKC1,NA,NA,NA,NA,NA,1437.821859
1716,NUP205,NA,NA,NA,NA,NA,1654.578695
1717,HTATSF1,NA,NA,NA,NA,NA,1497.477458
1718,PELP1,NA,NA,NA,NA,NA,1626.230062
1719,FXR1,NA,NA,NA,NA,NA,1411.032593
1720,LYPLA2,NA,NA,NA,NA,NA,1415.579874
1721,ABCF1,NA,NA,NA,NA,NA,1540.852987
1722,CEP120,NA,NA,NA,NA,NA,1944.393392
1723,CHAT,NA,NA,NA,NA,NA,1320.178141
1724,DUSP3,NA,NA,NA,NA,NA,1370.546183
1725,DNMT3A,NA,NA,NA,NA,NA,1451.087972
1726,HIBCH,NA,NA,NA,NA,NA,1150.778361
1727,NUP160,NA,NA,NA,NA,NA,1517.063192
1728,AGPAT4,NA,NA,NA,NA,NA,1352.654093
1729,NUTF2,NA,NA,NA,NA,NA,1482.444499
1730,EIF2B4,NA,NA,NA,NA,NA,1139.197632
1731,ACAD8,NA,NA,NA,NA,NA,1276.378499
1732,FYN,NA,NA,NA,NA,NA,1142.294007
1733,ALDH18A1,NA,NA,NA,NA,NA,1419.888102
1734,XPOT,NA,NA,NA,NA,NA,1210.650635
1735,AK4,NA,NA,NA,NA,NA,1519.128052
1736,CIAO1,NA,NA,NA,NA,NA,1189.534424
1737,RPLP1,NA,NA,NA,NA,NA,1189.255677
1738,ACACA,NA,NA,NA,NA,NA,1248.064331
1739,PTBP3,NA,NA,NA,NA,NA,1214.301351
1740,RRP12,NA,NA,NA,NA,NA,1395.187581
1741,PSEN1;PSEN2,NA,NA,NA,NA,NA,1089.189545
1742,NARS2,NA,NA,NA,NA,NA,1316.352498
1743,ANTXR1,NA,NA,NA,NA,NA,1180.653483
1744,GAB2,NA,NA,NA,NA,NA,1149.202576
1745,LSM6,NA,NA,NA,NA,NA,1184.055603
1746,GALK1,NA,NA,NA,NA,NA,1314.108358
1747,NOVA2,NA,NA,NA,NA,NA,1490.332601
1748,PRXL2B,NA,NA,NA,NA,NA,1237.68339
1749,GFPT1,NA,NA,NA,NA,NA,1164.537109
1750,PAPSS1,NA,NA,NA,NA,NA,1421.298625
1751,RNF165,NA,NA,NA,NA,NA,1139.927368
1752,MTCH1,NA,NA,NA,NA,NA,1114.326823
1753,HSD17B4,NA,NA,NA,NA,NA,1168.872925
1754,RAB21,NA,NA,NA,NA,NA,1139.013123
1755,AGRN,NA,NA,NA,NA,NA,1090.471313
1756,PCDHGB4,NA,NA,NA,NA,NA,1139.712342
1757,CDK11B,NA,NA,NA,NA,NA,1244.233277
1758,ARL2,NA,NA,NA,NA,NA,1221.105713
1759,TMEM126A,NA,NA,NA,NA,NA,1158.049683
1760,TARDBP,NA,NA,NA,NA,NA,1313.962972
1761,BOLA2,NA,NA,NA,NA,NA,1181.820068
1762,NTPCR,NA,NA,NA,NA,NA,1247.213379
1763,ACSS2,NA,NA,NA,NA,NA,1095.301107
1764,DCTN3,NA,NA,NA,NA,NA,1116.147339
1765,NDUFS8,NA,NA,NA,NA,NA,1136.833374
1766,MAT2A,NA,NA,NA,NA,NA,1272.838786
1767,COPE,NA,NA,NA,NA,NA,1069.046306
1768,TRIM71,NA,NA,NA,NA,NA,1219.647624
1769,MRPS18B,NA,NA,NA,NA,NA,1204.081991
1770,ARF6,NA,NA,NA,NA,NA,1051.773072
1771,MSH2,NA,NA,NA,NA,NA,1099.232177
1772,HDHD5,NA,NA,NA,NA,NA,1150.569784
1773,TSPYL4,NA,NA,NA,NA,NA,1293.548381
1774,PPP2R2D,NA,NA,NA,NA,NA,1036.083344
1775,RIC8A,NA,NA,NA,NA,NA,1151.940226
1776,GLRX5,NA,NA,NA,NA,NA,1454.80013
1777,ATXN10,NA,NA,NA,NA,NA,1146.437581
1778,PPA2,NA,NA,NA,NA,NA,1069.037537
1779,SGTA,NA,NA,NA,NA,NA,1028.706299
1780,POLR2E,NA,NA,NA,NA,NA,1076.589417
1781,TTLL12,NA,NA,NA,NA,NA,1044.580566
1782,DUT,NA,NA,NA,NA,NA,1130.484803
1783,MPST,NA,NA,NA,NA,NA,1230.416585
1784,FAHD2A,NA,NA,NA,NA,NA,1093.860718
1785,TECPR1,NA,NA,NA,NA,NA,1111.738617
1786,IPO4,NA,NA,NA,NA,NA,1098.195862
1787,ATP6V1D,NA,NA,NA,NA,NA,1109.962616
1788,PC,NA,NA,NA,NA,NA,1027.832215
1789,MRPS23,NA,NA,NA,NA,NA,1123.601349
1790,MRPL45,NA,NA,NA,NA,NA,1091.140168
1791,FUBP3,NA,NA,NA,NA,NA,1142.123718
1792,TXNDC17,NA,NA,NA,NA,NA,1115.303487
1793,GTF2H3,NA,NA,NA,NA,NA,2076.599182
1794,MMS19,NA,NA,NA,NA,NA,1298.24762
1795,CSNK1A1,NA,NA,NA,NA,NA,1147.78363
1796,HINT2,NA,NA,NA,NA,NA,1303.517151
1797,NBEA,NA,NA,NA,NA,NA,1194.091797
1798,CSNK1E,NA,NA,NA,NA,NA,1035.516724
1799,GYS1,NA,NA,NA,NA,NA,1165.490509
1800,PDCD11,NA,NA,NA,NA,NA,1335.715515
1801,SACM1L,NA,NA,NA,NA,NA,1250.854065
1802,TRMT10C,NA,NA,NA,NA,NA,1076.646943
1803,HDAC6,NA,NA,NA,NA,NA,1102.706421
1804,DDX52,NA,NA,NA,NA,NA,1392.928284
1805,PPP2R5B,NA,NA,NA,NA,NA,1113.275879
1806,NXF1,NA,NA,NA,NA,NA,1074.100037
1807,TM9SF4,NA,NA,NA,NA,NA,1121.234375
1808,SRSF11,NA,NA,NA,NA,NA,1178.200378
1809,EIF2B5,NA,NA,NA,NA,NA,1159.595703
1810,UBR4,NA,NA,NA,NA,NA,1017.469177
1811,DHCR24,NA,NA,NA,NA,NA,1133.561218
1812,U2SURP,NA,NA,NA,NA,NA,1094.155945
1813,XRCC1,NA,NA,NA,NA,NA,1114.958557
1814,MRPS2,NA,NA,NA,NA,NA,1110.003662
1815,STAT1,NA,NA,NA,NA,NA,2535.251038
1816,CAPN2,NA,NA,NA,NA,NA,1098.127747
1817,MRPL38,NA,NA,NA,NA,NA,1080.088318
1818,SEC13,NA,NA,NA,NA,NA,1312.662109
1819,ROGDI,NA,NA,NA,NA,NA,1126.724121