"","Protein_Group","Genes","QH1.Channel1","QH2.Channel1","QH3.Channel1","QH1.Channel3","QH2.Channel3","QH3.Channel3","logFC","AveExpr","t","P.Value","adj.P.Val","B","Group"
"1","O75494","SRSF10",1789865.875,885418.9375,2004512,NA,NA,NA,20.4874145116272,10.2437072558136,16.6509902893811,1.06970800168627e-05,0.000193912723529017,-0.472098107788088,"UP"
"2","O76013","KRT36",1098141.375,3749049,4557481,NA,NA,NA,21.3415109486007,10.6707554743003,16.3962617408203,1.15714690983241e-05,0.000193912723529017,-0.479161334300342,"UP"
"3","P02538","KRT6A",28347992,20378282,18392212,NA,NA,NA,24.3899547233418,12.1949773616709,21.8121561124853,2.68744332655972e-06,0.000193912723529017,-0.375599474092729,"UP"
"4","P02768","ALB",2063924.25,3680706.5,1693965.5,NA,NA,NA,21.1601616262402,10.5800808131201,17.4531881861846,8.41426252834061e-06,0.000193912723529017,-0.451703580894273,"UP"
"5","P04259","KRT6B",9154371,18894714,9017268,NA,NA,NA,23.4672560132629,11.7336280066314,20.0478476517455,4.14154123493512e-06,0.000193912723529017,-0.40079664167265,"UP"
"6","P04264","KRT1",54609944,79580888,100682128,NA,NA,NA,26.1779371452176,13.0889685726088,24.3464163903975,1.52805332986635e-06,0.000193912723529017,-0.348194707919752,"UP"
"7","P05089","ARG1",722621.4375,1011623.688,954661.25,NA,NA,NA,19.7585853774271,9.87929268871355,16.3984590850801,1.15635706289347e-05,0.000193912723529017,-0.479099100372584,"UP"
"8","P07477","PRSS1",762813.375,1990638.625,1739325.375,NA,NA,NA,20.3986234608891,10.1993117304445,16.3497657502104,1.17401162183519e-05,0.000193912723529017,-0.480483652715249,"UP"
"9","P08779","KRT16",8189902,6280273,4068012.5,NA,NA,NA,22.5012346810403,11.2506173405202,19.084181469805,5.32970121620642e-06,0.000193912723529017,-0.417435259013875,"UP"
"10","P10412","H1-4",2261092,1083601.875,852607.375,NA,NA,NA,20.2858390994353,10.1429195497177,16.2696911350124,1.20374652388449e-05,0.000193912723529017,-0.482785527306094,"UP"
"11","P13645","KRT10",68498464,49473664,49110120,NA,NA,NA,25.7130809355003,12.8565404677502,23.8975482500372,1.68143997515925e-06,0.000193912723529017,-0.35244466780938,"UP"
"12","P13647","KRT5",10131246,16400874,10420077,NA,NA,NA,23.5174802046817,11.7587401023409,20.5400359334762,3.65750888962565e-06,0.000193912723529017,-0.393142936818585,"UP"
"13","P15924","DSP",509555.5,1521751,1010316.875,NA,NA,NA,19.8141874250045,9.90709371250225,15.6825494904736,1.45144254138486e-05,0.000193912723529017,-0.500667201270102,"UP"
"14","P16401","H1-5",1409159.375,750160.125,1189918.125,NA,NA,NA,20.0418924828066,10.0209462414033,16.4637078958678,1.13319273668147e-05,0.000193912723529017,-0.477261593459839,"UP"
"15","P31944","CASP14",879848.875,752721.6875,856275.625,NA,NA,NA,19.6587914019027,9.82939570095136,16.3739532602964,1.16520226184908e-05,0.000193912723529017,-0.479794474640737,"UP"
"16","P35908","KRT2",19243740,18830644,22648668,NA,NA,NA,24.2657959888955,12.1328979944477,21.8296761501777,2.67639312508934e-06,0.000193912723529017,-0.375378108279487,"UP"
"17","Q02413","DSG1",772542.625,2390944.25,1481408.875,NA,NA,NA,20.4156486566565,10.2078243283282,16.2222224034969,1.22179664324242e-05,0.000193912723529017,-0.484164978522222,"UP"
"18","Q02878","RPL6",1871741.625,674075.875,1007273.438,NA,NA,NA,20.0468432078931,10.0234216039465,16.0169223801087,1.30366826496715e-05,0.000193912723529017,-0.4902618334159,"UP"
"19","Q08170","SRSF4",2609619.25,3218641.25,2025374,NA,NA,NA,21.2943956234166,10.6471978117083,17.9581367419129,7.2737076160265e-06,0.000193912723529017,-0.440154815123812,"UP"
"20","Q08554","DSC1",1045104.625,1584905,1857983.625,NA,NA,NA,20.4721634354165,10.2360817177083,16.9617332572297,9.73456254882642e-06,0.000193912723529017,-0.46387838833573,"UP"
"21","Q13247","SRSF6",1378147.75,629268.375,1015482.5,NA,NA,NA,19.8704512522694,9.93522562613472,16.1469590538632,1.25108039072947e-05,0.000193912723529017,-0.486375202915117,"UP"
"22","Q14789","GOLGB1",613904.375,2237912.5,1306199,NA,NA,NA,20.2127746673261,10.1063873336631,15.7593009376525,1.41583146584346e-05,0.000193912723529017,-0.498224835947281,"UP"
"23","Q7Z6K1","THAP5",2033255.125,5024159,2757006.25,NA,NA,NA,21.5368277127396,10.7684138563698,17.6997879359508,7.8325425976821e-06,0.000193912723529017,-0.445948139429059,"UP"
"24","Q8N1N4","KRT78",572628.375,1344928.625,735036,NA,NA,NA,19.6579329187028,9.8289664593514,15.8354545619496,1.38152036914886e-05,0.000193912723529017,-0.49583369226443,"UP"
"25","Q9P0W8","SPATA7",1950518.5,3275944.75,3544970,NA,NA,NA,21.4320831403036,10.7160415701518,17.9353737797378,7.32099580056863e-06,0.000193912723529017,-0.440655865822038,"UP"
"26","P45880","VDAC2",438511.4063,557838.375,959103.125,NA,NA,NA,19.2343587676849,9.61717938384244,15.5134342288671,1.53374002998096e-05,0.0001970266038514,-0.506166583375288,"UP"
"27","P26373","RPL13",386468.2813,575830.9375,345727.125,NA,NA,NA,18.6981869826775,9.34909349133875,15.2400571380892,1.67883353437396e-05,0.000197884537010833,-0.515413251396837,"UP"
"28","P36578","RPL4",377147,554718.75,384669.875,NA,NA,NA,18.7198119638712,9.3599059819356,15.3283941187126,1.6302309423508e-05,0.000197884537010833,-0.512375803245585,"UP"
"29","Q5T749","KPRP",2061896.25,1077729.25,463224.9063,NA,NA,NA,19.9454873727427,9.97274368637136,15.1707788847539,1.71815915368687e-05,0.000197884537010833,-0.517829362303127,"UP"
"30","Q16658","FSCN1",326293.4688,829073.375,998933.625,NA,NA,NA,19.3023292496163,9.65116462480815,15.0652332506757,1.78019924399776e-05,0.000198195515831751,-0.521568953301946,"UP"
"31","P07305","H1-0",494853.5938,432648,201937.3438,NA,NA,NA,18.4210126788794,9.21050633943968,14.565484528004,2.1127524408855e-05,0.000217735635269478,-0.540289982965978,"UP"
"32","P07355","ANXA2",214205.3438,532069.8125,563070.1875,NA,NA,NA,18.6109527414267,9.30547637071334,14.5916365423403,2.09361085301357e-05,0.000217735635269478,-0.539266813673841,"UP"
"33","Q5D862","FLG2",268663.2813,335297.125,186813.3594,NA,NA,NA,17.9672585730719,8.98362928653597,14.5136903300719,2.15128022871041e-05,0.000217735635269478,-0.542331188661032,"UP"
"34","Q13835","PKP1",362136.2813,451728,2000740.5,NA,NA,NA,19.3944595132732,9.69722975663661,14.0362510089942,2.54878925175308e-05,0.000250381061789861,-0.562117524111517,"UP"
"35","P81605","DCD",161390.3125,790635.625,351014.8125,NA,NA,NA,18.4380117183463,9.21900585917317,13.6969765101413,2.88490625278547e-05,0.000268598950055915,-0.577321703927624,"UP"
"36","Q5T750","XP32",817923.9375,1294475,198689.0938,NA,NA,NA,19.1819020437424,9.59095102187118,13.6874515036473,2.89507850359669e-05,0.000268598950055915,-0.577763238193812,"UP"
"37","Q08188","TGM3",123224.7734,605191.125,508447.9063,NA,NA,NA,18.3579071599163,9.17895357995815,13.3738862333035,3.25505321955752e-05,0.00029383453387357,-0.592772190831169,"UP"
"38","P04062","GBA",9279033,16291867,14365131,2109364.75,1665882.75,1603062.25,2.86354191392653,22.1946489758443,11.3527080630626,7.42366016873774e-05,0.000652500656936423,-0.716884405683346,"UP"
"39","P84103","SRSF3",5654239.5,3371000,3907073.75,289448.75,294678.4688,110127.625,4.31757816023176,19.8456458763338,8.49905863317851,0.000311107287651503,0.00266435471988723,-1.02846258326527,"UP"
"40","Q07955","SRSF1",3147898.5,1460940.25,2145586.75,112912.1016,78461.21094,40038.36719,4.92122365589486,18.5718435915603,8.13123797112783,0.000385874836076874,0.0032220548812419,-1.08806127776542,"UP"
"41","P04406","GAPDH",1509379.5,2768714.5,2458754.75,449086.5,402867,261168.625,2.58819839018622,19.7578366356279,6.60468649710302,0.00104349144713929,0.00850063764254937,-1.41453331691689,"UP"
"42","Q15365","PCBP1",249184.3906,605333.3125,657161.9375,3331778,3222629.25,3468284.25,-2.85111182839844,20.2455973006015,-6.52956892448927,0.00110112601128098,0.00875657351828212,-1.43472851792416,"DOWN"
"43","P0C0S8;Q93077;Q96KK5;Q99878;Q9BTM1","H2AC11;H2AC6;H2AC12;H2AC14;H2AJ",24278442,14607715,21685032,687885.5625,2952168.5,517750.0938,4.2788472372627,22.0951084335665,5.98577753770753,0.00165062968217089,0.0128211700894204,-1.59569978873168,"Others"
"44","A6NCE7;Q9GZQ8","MAP1LC3B2;MAP1LC3B",568148.4375,1438521.25,1339558.125,6054813.5,5946507,4124641,-2.36123541229091,21.1557489905225,-5.51987078763904,0.00239088942481209,0.0177701644028596,-1.75711591124087,"Others"
"45","P25705","ATP5F1A",1489165,3862135.25,3538161,523524.1875,218671.2188,210755.9531,3.24002630407416,19.7605233337277,5.51819270143411,0.00239418382673258,0.0177701644028596,-1.75774132790397,"Others"
"46","Q71U36","TUBA1A",4792393.5,8469940,8243134.5,2861443,1732546.125,1674176,1.77773392434796,21.8381322080512,5.33984203631215,0.0027765476534295,0.020160150353162,-1.82615194210799,"Others"
"47","P07437","TUBB",1824852,2899264.75,2964492.25,455729.3438,925972.4375,657469.4375,1.94032012011039,20.2851596237723,5.16156445480736,0.00323171579358757,0.0229658101076223,-1.89853612576476,"Others"
"48","O43175","PHGDH",494600.4063,879693.5,841743.5,3308767.25,2283685,1870157.625,-1.75665071662078,20.3268496071758,-4.82727126506349,0.00434115331915797,0.0293897257496943,-2.0459164278196,"Others"
"49","P14618","PKM",3390392.5,6196581,7005206,2017381.625,955831.1875,1057622.5,2.05773764319803,21.3031507681974,4.83065107858562,0.00432791284597951,0.0293897257496943,-2.04434600816589,"Others"
"50","Q01844","EWSR1",3941598,5449956,6047657.5,2191407,851107.75,937029.375,2.07198710392058,21.2360425285033,4.81247840757771,0.00439965954336741,0.0293897257496943,-2.0528099223308,"Others"
"51","P12236","SLC25A6",493374,2991365,1383009.875,107337.0703,96953.78906,41797.77734,4.06535972379085,18.2420131934769,4.67348267241755,0.0049963870281236,0.0327214366155546,-2.11920202255861,"Others"
"52","O75083","WDR1",212024.3438,1383444.25,1138737.875,45548.67969,41610.38281,24194.80078,4.2768012930933,17.2658383021688,4.39471909578795,0.00649899896688831,0.040955955753598,-2.26157807368391,"Others"
"53","Q16352","INA",1304945.875,2096243.75,1482917.375,553079.5,218295.3438,152777.5781,2.59360066833592,19.3081807134243,4.39935123911408,0.00647009764075885,0.040955955753598,-2.25910752557987,"Others"
"54","P63244","RACK1",543220.625,767522.1875,538277.1875,183192.5469,100091.2813,71394.53125,2.47383270774099,17.9760918583724,4.1678581366427,0.00811468274207985,0.0501908154787902,-2.38711376197904,"Others"
"55","P30044","PRDX5",882181.1875,1486789.625,1255527.375,455764.9375,147190.5938,178474.6094,2.36790454533927,18.9874978520324,4.08602631599495,0.00880744018211657,0.0534851821968533,-2.43464060755824,"Others"
"56","P10809","HSPD1",1828031.5,923578.75,824727.5,222609.9844,51381.66016,21258.44922,4.1611070746752,18.0102121436607,4.04698413381937,0.00916169179063593,0.0546429474655786,-2.45774741200408,"Others"
"57","P38159","RBMX",808649.4375,378250.3125,870952.1875,176085.9219,92951.36719,72633.74219,2.60262450121536,17.9941470429617,3.95991514856599,0.0100120958086245,0.0586673684224662,-2.51029924288676,"Others"
"58","P14866","HNRNPL",348346.4063,491262.2188,366051,90483.20313,75309.8125,35239.53906,2.67569899725361,17.2614815278232,3.91277358995732,0.0105100213882219,0.060523226614933,-2.53934807670714,"Others"
"59","P84090","ERH",55504.29297,152763.4844,272400.5313,1764848.25,616187.625,1449691.375,-3.13825958045882,18.5813506805331,-3.88282672796478,0.0108410145193812,0.0613711669402255,-2.5580214364956,"Others"
"60","Q00610","CLTC",955925.75,2265870.5,3750650.75,429590.125,94238.60938,311206.5625,3.11090561712198,19.3835088736881,3.79341001951498,0.0119023409268289,0.0662563644926808,-2.61480572818071,"Others"
"61","P35527","KRT9",47519932,240671600,157627360,NA,25190.03516,49183.0625,16.7899789366966,18.4638314915529,3.73920020460074,0.0126032875660361,0.0690081647058371,-2.64999045878042,"Others"
"62","Q15102","PAFAH1B3",354148,697628.375,497416.4375,1229486,2186357,1179252.5,-1.56298998602101,19.7048935811289,-3.6638195029661,0.0136574455381041,0.0724061398369328,-2.69988035267752,"Others"
"63","Q9HCD5","NCOA5",2892018,4048646,3316802.75,2142144.75,973202,887250.0625,1.4640089752192,20.9593342629443,3.67344622793318,0.013517392167693,0.0724061398369328,-2.69344611385929,"Others"
"64","Q08211","DHX9",421544.3125,524957.3125,802017.9375,148202.6719,31242.95703,86343.42188,2.93137390609849,17.634462481591,3.64067334421863,0.0140009812086724,0.073067620682759,-2.71542636845749,"Others"
"65","Q9BUF5","TUBB6",1897492.375,1447612.625,1507762.75,821857.5,223369.1875,340408.125,2.01678991136124,19.6065675576481,3.62346404935437,0.0142627645846326,0.0732886672502659,-2.72705444549541,"Others"
"66","P62979","RPS27A",3175262.75,2675654,1577274.375,634286.75,225319.75,49617.92188,3.62796914412121,19.3656516972669,3.5807583402338,0.014936724828118,0.0755888801907788,-2.75616726213641,"Others"
"67","P62879","GNB2",370347.8438,1420497.875,1286369.375,217817.6563,162562.1094,151301.1875,2.32696150780978,18.5803079868054,3.43485430232067,0.0175267654311742,0.0873722336419726,-2.85842080076623,"Others"
"68","P17844","DDX5",432587.2188,1221369,484362.5625,3453482.25,3477144.5,1423083.125,-2.02041592465966,20.2863528111418,-3.42044739320256,0.0178089464517814,0.0874733546308085,-2.86875337981106,"Others"
"69","P68371","TUBB4B",5700085.5,9226422,6766345,4253945,3748528.5,2122437,1.13142777155601,22.1908987505631,3.40439998167634,0.0181293116364898,0.0877563780664868,-2.88031268120698,"Others"
"70","P68431;P84243;Q16695;Q71DI3","H3C1;H3-3A;H3-4;H3C15",5336999,8512400,8471976,1375.098633,61712.44531,NA,14.0144447077483,15.7871108149612,3.35428637638505,0.0191723662895039,0.0914795762956328,-2.9167515294344,"Others"
"71","P62277","RPS13",1637088.5,1485163.375,1659990.75,241831.1406,318856.7188,22449.28711,3.72899718754116,18.7380472696742,3.31518619004477,0.0200332252662006,0.092931906095986,-2.94554163401122,"Others"
"72","Q14194","CRMP1",975126.0625,2433189.25,1959255.375,752991.5625,436879.4688,253372.9688,1.93381973049251,19.7035978520981,3.32658738616523,0.0197777965962499,0.092931906095986,-2.93711417207568,"Others"
"73","Q8WWM7","ATXN2L",91547.01563,237342.8125,401225.75,623397.5,2056236.75,1265748.875,-2.51333784842272,18.9076416499574,-3.23916867988191,0.0218341866102422,0.099898881203026,-3.00241799721688,"Others"
"74","P06744","GPI",388279.4375,416850.2188,563601.8125,141386.6563,126768.7266,42778.95703,2.29814567129298,17.6310044344968,3.21232568237299,0.0225130044572519,0.101612749847597,-3.02278721168171,"Others"
"75","P23246","SFPQ",861540.6875,492201.5313,614778.625,277196.9063,42051.6875,73006.55469,2.75297936738199,17.908564802531,3.15053897595114,0.0241672113644346,0.107624647942949,-3.07023818502492,"Others"
"76","P16949","STMN1",124193.6406,256637.375,616385.9375,2529244.75,828840.75,1367900.5,-2.39648277200437,19.2399405665886,-3.10535436222797,0.0254630622360019,0.110450166062657,-3.10543741126618,"Others"
"77","P60174","TPI1",674554.125,1193594.75,1032444.438,502913.1875,209141.4531,139391.7031,1.94173971551017,18.8718280768071,3.11317287937619,0.0252333863050054,0.110450166062657,-3.09931664757552,"Others"
"78","P22314","UBA1",1258090.25,1223954.125,2200543.25,703139.5625,251168.7344,624505.25,1.64708004405146,19.6949110847138,3.08089382783003,0.0261968199545178,0.11217612647191,-3.12466758228918,"Others"
"79","P62805","H4C1",3386800.5,8650527,6213486,353615.0313,2532693,130262.1719,3.53589507520651,20.6663259517468,3.02499232940227,0.0279638954803422,0.118227102410561,-3.16907606178172,"Others"
"80","P09936","UCHL1",357002.25,1243309.5,1078326.25,1760978.5,3250851.5,2775046,-1.6842391994733,20.4193517759576,-2.91412833584672,0.031874323524311,0.133075300713999,-3.25902643714018,"Others"
"81","O75390","CS",788944.625,527397.5,1780072,426536.8438,123871.5781,146308.875,2.19404203230964,18.6901807386411,2.89438111365348,0.0326326063730135,0.134559142328229,-3.27530801952687,"Others"
"82","P13637","ATP1A3",1131052,2717104.5,1823802.75,1081561.75,553480,421673.4063,1.49092106089858,20.0150039104905,2.85756981478897,0.0341000038734006,0.138895137728241,-3.30586598925743,"Others"
"83","P06748","NPM1",458955.9688,885135.9375,617705,295754.0625,12403.25879,36603.48438,3.6225924335755,17.4554042268038,2.75081951853849,0.0387836028364496,0.154503704437273,-3.39598389495597,"Others"
"84","P61956","SUMO2",1751489.5,1392720.5,1236688.625,996302.625,402531.4375,227953.6563,1.6814401045519,19.6218396589738,2.74925695375732,0.0388572190800328,0.154503704437273,-3.39731933842208,"Others"
"85","P35080","PFN2",1425203.625,857356.625,1034205.875,780038.4375,216754.5156,252942.6719,1.62833841883985,19.2299536563858,2.63676145147257,0.0445824662031859,0.175182867198401,-3.49466724772283,"Others"
"86","Q13509","TUBB3",292270.3438,542191.5625,426375.8438,193015.5469,147331.2969,77991.01563,1.64301540087424,17.8142137061881,2.60355482182351,0.0464442814127035,0.180376627812128,-3.52384619780652,"Others"
"87","P55072","VCP",274910.0625,1172173,1054050.625,227865.3125,143500.5156,27689.04688,2.85042013126746,17.9870815498658,2.58658655121019,0.0474282420471313,0.182080837284389,-3.53883220675265,"Others"
"88","A8K7I4","CLCA1",NA,992114.1875,1072660.875,NA,NA,NA,13.3176373519893,6.65881867599464,2.2257973360177,0.0747068882801122,0.18760227889578,-3.86840621089096,"Others"
"89","O00264","PGRMC1",NA,911945,801362.75,NA,NA,NA,13.1368955327923,6.56844776639616,2.22436064887033,0.0748443835658258,0.18760227889578,-3.86975511223224,"Others"
"90","O75367","MACROH2A1",NA,1416639.125,620781.3125,NA,NA,NA,13.2259232690562,6.61296163452811,2.22225793589081,0.075046103512213,0.18760227889578,-3.87172978014736,"Others"
"91","P00441","SOD1",97160.71094,488412.4375,NA,NA,NA,NA,11.8219478806609,5.91097394033044,2.19905089248306,0.0773110880577115,0.18760227889578,-3.89355752562963,"Others"
"92","P02649","APOE",829349.6875,880916.625,NA,NA,NA,NA,13.1367567785401,6.56837838927004,2.22441538780826,0.0748391399700563,0.18760227889578,-3.86970371355773,"Others"
"93","P04075","ALDOA",502148.1875,1192445,808457.6875,532876.75,133278.0313,118659.5234,1.94801588868269,18.6086799077848,2.49381664863667,0.0532244957521262,0.18760227889578,-3.62164447235411,"Others"
"94","P0C0S5;Q71UI9","H2AZ1;H2AZ2",230917.0156,NA,332841.4688,NA,NA,NA,12.0538337354758,6.02691686773791,2.21417151133186,0.0758272461464573,0.18760227889578,-3.87932858198171,"Others"
"95","P0C2W1","FBXO45",NA,959640.3125,351592.3125,NA,NA,NA,12.7652279485524,6.38261397427618,2.21686903305627,0.0755657140601582,0.18760227889578,-3.87679288148517,"Others"
"96","P10599","TXN",499431.375,1583557.5,549674.4375,229960,184401.5781,20167.32227,2.99651886692632,18.0327035802198,2.54051655569288,0.0502160331777805,0.18760227889578,-3.57977389165258,"Others"
"97","P10636","MAPT",1344102.625,1013431.188,1729695,1009811.438,493127.4375,390998.4375,1.19901709332508,19.744197498205,2.53255072380401,0.0507158729837807,0.18760227889578,-3.58689001312849,"Others"
"98","P11766","ADH5",152699.4844,NA,503167.9063,NA,NA,NA,12.0536761200385,6.02683806001927,2.20775193448525,0.0764535056058302,0.18760227889578,-3.88536641884477,"Others"
"99","P13489","RNH1",NA,224196.9219,287807.5625,NA,NA,NA,11.9697211228502,5.98486056142511,2.21367579386869,0.0758754115338811,0.18760227889578,-3.87979465323011,"Others"
"100","P14868","DARS1",NA,179604.8281,362858.4063,NA,NA,NA,11.9745085944607,5.98725429723034,2.21153818060191,0.0760834799418228,0.18760227889578,-3.88180475083499,"Others"
"101","P15880","RPS2",NA,479794.25,702780.75,NA,NA,NA,12.7649255171352,6.38246275856762,2.22073857328965,0.0751922194961784,0.18760227889578,-3.87315694293443,"Others"
"102","P16402","H1-3",2955446.25,1623746.625,1535383.875,42145.98828,15544.65137,NA,11.1295481886009,15.3272292176507,2.53354315459306,0.0506533064996251,0.18760227889578,-3.58600285656214,"Others"
"103","P19367","HK1",419827.7188,569453.5625,484880.625,292926.0938,182823.1875,102474.3984,1.46691266177223,18.1618555347752,2.49591088482365,0.0530854782121285,0.18760227889578,-3.61975902204926,"Others"
"104","P21796","VDAC1",NA,190975.875,176205.5469,NA,NA,NA,11.6566488109522,5.82832440547612,2.21064689449144,0.0761704133293755,0.18760227889578,-3.88264302362517,"Others"
"105","P23396","RPS3",NA,437260.25,646031.5,NA,NA,NA,12.6797943987089,6.33989719935446,2.21996951344905,0.0752662943522351,0.18760227889578,-3.87387943644928,"Others"
"106","P23526","AHCY",NA,334837.2188,223067.6719,NA,NA,NA,12.0400776901646,6.02003884508229,2.2138755494769,0.0758559987851878,0.18760227889578,-3.87960684053477,"Others"
"107","P25789","PSMA4",408028.2188,521907.9688,435717.3125,295026.9375,180183.0313,73588.60156,1.5226566153625,18.02693430327,2.20736337986468,0.0764915862974593,0.18760227889578,-3.88573201913818,"Others"
"108","P28072","PSMB6",NA,396078.5,242639.1406,NA,NA,NA,12.161296407042,6.080648203521,2.2147184294918,0.0757741435295722,0.18760227889578,-3.87881440492322,"Others"
"109","P35606","COPB2",NA,583504.1875,752261.8125,NA,NA,NA,12.8917544014794,6.4458772007397,2.22217253206993,0.0750543087448498,0.18760227889578,-3.87180999423302,"Others"
"110","P49419","ALDH7A1",NA,95628.14844,66239.65625,NA,NA,NA,10.853530717916,5.42676535895802,2.20011117583977,0.077206043048757,0.18760227889578,-3.89255892566682,"Others"
"111","P60763","RAC3",903017.375,1153199,1585759.125,832204.1875,127515.7188,279317.4375,1.93329744301295,19.206134696274,2.48749821879905,0.0536463128709207,0.18760227889578,-3.62733735049236,"Others"
"112","P61254","RPL26",NA,436297.9063,473311.3125,NA,NA,NA,12.5291300860577,6.26456504302886,2.2193060478525,0.0753302606588355,0.18760227889578,-3.87450278477699,"Others"
"113","P61313","RPL15",NA,517941.2813,397116.6875,NA,NA,NA,12.52721296783,6.263606483915,2.21899071012399,0.0753606833241341,0.18760227889578,-3.87479907317745,"Others"
"114","P61457","PCBD1",NA,513013.2813,102310.4922,NA,NA,NA,11.8704160476027,5.93520802380135,2.1996993361173,0.0772468271243661,0.18760227889578,-3.89294679112206,"Others"
"115","P61981","YWHAG",805862.25,1481149.5,1419112.375,3069570.25,2071905.375,1754996.25,-0.906716565979881,20.6383651995843,-2.51236156688955,0.0520070440876077,0.18760227889578,-3.60497363169031,"Others"
"116","P62241","RPS8",NA,580568.0625,190679.0313,NA,NA,NA,12.2293008038511,6.11465040192556,2.21053694965574,0.0761811443077721,0.18760227889578,-3.88274643528901,"Others"
"117","P62269","RPS18",351126.4063,144957.2656,443176.8125,48944.64063,NA,1670.714966,9.34614445512229,13.4350742004062,2.22860427610243,0.074439028082419,0.18760227889578,-3.86577148508134,"Others"
"118","P62753","RPS6",NA,1266573.375,851253.25,NA,NA,NA,13.3239103121125,6.66195515605625,2.22521342225139,0.0747627382466564,0.18760227889578,-3.86895441652646,"Others"
"119","P62854","RPS26",NA,118325.0078,87140.92188,NA,NA,NA,11.0878289984743,5.54391449923713,2.203434265168,0.0768777933809811,0.18760227889578,-3.88942997864764,"Others"
"120","P62861","FAU",NA,749777.25,200540.1719,NA,NA,NA,12.3765477942314,6.18827389711568,2.20969649623441,0.0762632282534101,0.18760227889578,-3.88353699272112,"Others"
"121","P62873","GNB1",241067.7344,429775.1875,873691.125,238778.8125,72742.63281,93768.25,1.93213151303119,17.8102930807141,2.37180023489549,0.0620439018389692,0.18760227889578,-3.73269890284548,"Others"
"122","P62995","TRA2B",234349.8594,NA,192776.9531,NA,NA,NA,11.7982970341971,5.89914851709857,2.21201142073885,0.0760373642307762,0.18760227889578,-3.88135969581563,"Others"
"123","P78345","RPP38",794518.0625,NA,236260.9375,NA,NA,NA,12.4832500027669,6.24162500138346,2.21204972878354,0.0760336325320986,0.18760227889578,-3.88132367043557,"Others"
"124","Q00839","HNRNPU",623362.875,1265777.75,531531.625,1132.849121,108143.5625,NA,10.5571643345153,14.2351203553186,2.40330309443405,0.0596254335598751,0.18760227889578,-3.70380639383951,"Others"
"125","Q07020","RPL18",NA,1350940,537397.1875,NA,NA,NA,13.1337217227126,6.56686086135631,2.22078479596191,0.0751877698504634,0.18760227889578,-3.87311352122715,"Others"
"126","Q14315","FLNC",NA,540958.5,93449.69531,NA,NA,NA,11.8523596133671,5.92617980668357,2.19702399762323,0.0775123188252024,0.18760227889578,-3.8954668526992,"Others"
"127","Q15233","NONO",1326965.75,1053783,2585287.25,883655,273936.6875,675191.5,1.48906311368029,19.8050491944752,2.4482265802587,0.0563504969806052,0.18760227889578,-3.66286607299971,"Others"
"128","Q15274","QPRT",NA,114487.5781,178777.6094,NA,NA,NA,11.4175529183535,5.70877645917674,2.20688139078265,0.0765388520390981,0.18760227889578,-3.88618555798751,"Others"
"129","Q15287","RNPS1",824397.75,NA,522199,NA,NA,NA,12.8824085746358,6.4412042873179,2.22145767334915,0.0751230266150007,0.18760227889578,-3.87248144656855,"Others"
"130","Q15366","PCBP2",284364.375,1118242.75,1075261.625,1639421.5,1990238.5,1741943.5,-1.35169564437995,20.0913302182797,-2.21893098520586,0.0753664468390411,0.18760227889578,-3.87485519145819,"Others"
"131","Q562R1","ACTBL2",3260905.5,6565790,3628996.5,700209.1875,3217140,1254183.375,1.59380812989394,21.227935492875,2.49832397906604,0.0529257818163883,0.18760227889578,-3.61758739864419,"Others"
"132","Q5SSJ5","HP1BP3",NA,1219224.5,378571.0313,NA,NA,NA,12.9159139517683,6.45795697588415,2.21665172856269,0.0755867468830831,0.18760227889578,-3.87699711898447,"Others"
"133","Q6PCE3","PGM2L1",NA,356572.5,196060.5938,NA,NA,NA,12.0082624642812,6.00413123214059,2.21258115737318,0.075981884527053,0.18760227889578,-3.88082392549877,"Others"
"134","Q86X55","CARM1",NA,646170.9375,580903.4375,NA,NA,NA,12.816499965612,6.40824998280601,2.22177989639634,0.0750920437356094,0.18760227889578,-3.87217878158435,"Others"
"135","Q86YZ3","HRNR",NA,337325.1875,429190.4063,NA,NA,NA,12.3583488203351,6.17917441016753,2.21749986425394,0.0755046912671058,0.18760227889578,-3.87620001453277,"Others"
"136","Q8IV08","PLD3",265676.8125,960333.3125,911188.75,1271875.375,2043977.25,1607544.75,-1.38933879389256,19.9246318691218,-2.31481013530087,0.066690490597749,0.18760227889578,-3.78533121471475,"Others"
"137","Q8IWA0","WDR75",NA,302920.25,654398.625,NA,NA,NA,12.5094652191732,6.2547326095866,2.21639077244432,0.0756120129294677,0.18760227889578,-3.87724239046386,"Others"
"138","Q9Y3U8","RPL36",NA,545926.75,168294.7031,NA,NA,NA,12.1396631079275,6.06983155396374,2.20887575293228,0.0763434775884116,0.18760227889578,-3.88430908803357,"Others"
"139","P36969","GPX4",NA,114111.25,30233.08398,NA,NA,NA,10.5613274657779,5.28066373288895,2.18570694371885,0.0786461070306482,0.187627141058832,-3.9061358251722,"Others"
"140","P55809","OXCT1",NA,339562.1563,52243.64844,NA,NA,NA,11.3487720166395,5.67438600831973,2.18784087631418,0.0784309872236485,0.187627141058832,-3.90412301887954,"Others"
"141","P22626","HNRNPA2B1",3931290.5,3331391.25,2586280,3183702.25,823535.5,635139.375,1.44874995004622,20.9011961298018,2.17429603769216,0.0798070573841165,0.188390362463252,-3.91690736976145,"Others"
"142","Q13423","NNT",NA,32308.94922,367548,NA,NA,NA,11.1557559778805,5.57787798894026,2.17150167613317,0.0800941061969513,0.188390362463252,-3.91954727880557,"Others"
"143","P46779","RPL28",23293.22266,260950.5,NA,NA,NA,NA,10.8337022455488,5.41685112277438,2.16599688381035,0.0806627741586137,0.188401164818021,-3.92475020671743,"Others"
"144","P62906","RPL10A",489414.0625,423012.1563,1231015.125,6683.831543,80617.39844,NA,9.60565440760675,14.4713262012105,2.15194510941284,0.082133773723497,0.190504725164222,-3.93804562777136,"Others"
"145","Q99536","VAT1",251730.0469,1008539.875,1111289.75,384044.2188,91269.32031,153038.5,1.9056157581826,18.3702476714316,2.11217307036359,0.0864523854488107,0.199138598206226,-3.97578227322455,"Others"
"146","P09651","HNRNPA1",424665.6875,618057.5625,729309.75,461435.25,97530.36719,174295.25,1.53633236147206,18.3683436754923,2.10596950445353,0.0871472141114169,0.199364174748036,-3.98168168068307,"Others"
"147","P08670","VIM",793074.0625,1219307.125,928325.8125,951309.5,141215.3906,209305.9063,1.6655457616673,19.0468946104248,2.04063923406324,0.0948296535238088,0.215463294401035,-4.04400403741403,"Others"
"148","P0DN76;Q01081","U2AF1L5;U2AF1",1706150.375,1381621.75,2690880.75,164676.2188,58064.27734,NA,9.76840818541783,15.93576060663,1.9793932574232,0.102673670009249,0.231709498534387,-4.10270539339518,"Others"
"149","Q9NYF8","BCLAF1",582368.125,451036,217091.9375,93125.08594,NA,6328.37207,8.8425564960143,14.1328597101945,1.96507391467344,0.104602758533286,0.234478666779312,-4.11646063673276,"Others"
"150","P40926","MDH2",307791.4375,1018376.5,1023710.688,69514.8125,NA,30577.88281,9.0565052235018,14.8566864910562,1.94268347667093,0.107694518506297,0.239799794540688,-4.13798820368643,"Others"
"151","P50395","GDI2",688100.3125,1788665.125,3788088.5,937167.8125,397422.1563,679020.75,1.40146301775885,19.971186205436,1.9124078587213,0.11202543613858,0.246161155725565,-4.16712841407573,"Others"
"152","P62826","RAN",426846.9375,2065621.125,898274.5625,132634.5781,NA,28960.42383,9.20645099021553,15.216209895271,1.91527658396005,0.111607496962711,0.246161155725565,-4.16436594757967,"Others"
"153","P00403","MT-CO2",225320.125,740767.25,1014850.5,264702.1875,252779.75,104073.3047,1.53477516247687,18.3103200856517,1.89918136428537,0.113973247344957,0.247188731254647,-4.17986805036069,"Others"
"154","P00505","GOT2",373330.7188,229531.3281,1038568.313,40635.84375,NA,31217.50391,8.68799598612863,14.4242028305172,1.90401860965237,0.113256889593899,0.247188731254647,-4.17520830457808,"Others"
"155","P11021","HSPA5",163590.4531,416259.0938,612303.5,75125.73438,NA,12230.41895,8.4784701371409,14.164349378596,1.86659743909771,0.118921055225861,0.256255693196371,-4.21126973807512,"Others"
"156","Q14204","DYNC1H1",443214.3125,566997.4375,1037241,94119.22656,NA,32204.6875,8.78590316369923,14.8920332625548,1.85962981185242,0.120007246623601,0.256938592130018,-4.21798685539251,"Others"
"157","P21281","ATP6V1B2",103568.9141,407990.6563,626117.75,209926.2031,35153.65234,43825.44922,2.11801018922932,17.1258290234698,1.84337197305034,0.122581187714689,0.260777813354817,-4.2336620237332,"Others"
"158","O75531","BANF1",29263.83398,67531.22656,192965.1719,620426.25,215312.9219,148341.9531,-1.89980135562618,17.095953147477,-1.79741089569163,0.130165328198867,0.273916459848095,-4.27797741665148,"Others"
"159","P29401","TKT",359015.75,1119766,1309931.375,NA,102559.8047,62951.29297,8.7604761345393,15.2429351566441,1.79604789812064,0.130397356634273,0.273916459848095,-4.27929138017056,"Others"
"160","P17987","TCP1",715913.5,712849,482774.1875,127927.7109,46714.30859,NA,8.43235681688266,15.0417078534659,1.7379303969069,0.140688658292178,0.293687574184921,-4.3352813077774,"Others"
"161","P53999","SUB1",2921282.75,855457.25,2088256.375,404608.125,NA,98236.17188,8.98940878365407,16.2314213047655,1.7115596255422,0.145623433838139,0.302100788210797,-4.36064965635439,"Others"
"162","P23528","CFL1",276995.25,366063,374551.5938,345679.9688,NA,4611.102539,8.16858718517924,14.2743904347954,1.68637216011117,0.150497938120294,0.310285872420854,-4.3848478481126,"Others"
"163","P62917","RPL8",313489.9063,952964.25,622059.75,139975.1406,49633.79297,NA,8.2243128465099,15.010118278168,1.67874972699832,0.152004839384439,0.311470038984065,-4.39216366932461,"Others"
"164","O43854","EDIL3",602512.625,514623.2188,515392.7188,123255.1641,56688.32422,NA,8.14900662483021,14.9751998869151,1.67065686228417,0.153621131980953,0.312862549278282,-4.39992692862277,"Others"
"165","O14979","HNRNPDL",1044212.375,1103322.875,854764.75,1081169.5,318263.25,48735.71094,1.9586100420673,18.9448881809398,1.64317855227192,0.159237059327906,0.322334411003155,-4.4262515676555,"Others"
"166","P34897","SHMT2",511416.125,792234.75,903461.5,695886,353427.25,220322.3594,0.918667372049288,18.9889384537427,1.6029669453397,0.167821930154,0.33766581127371,-4.46466246847657,"Others"
"167","P07196","NEFL",893713.125,933072.625,842447.4375,325173.6563,NA,92823.70313,8.157412563361,15.6830651050308,1.57488196545445,0.174085248524747,0.340250376390345,-4.49139568637934,"Others"
"168","P30153","PPP2R1A",337838.375,639282.875,331244.9063,361961.9375,169932.4063,159613.4688,0.955097967445926,18.1856570949967,1.57437647863826,0.174200043002243,0.340250376390345,-4.49187605213905,"Others"
"169","P49368","CCT3",237582.9531,756782.5,252104.4375,437532.5,NA,7825.347168,7.88603644683117,14.500737339759,1.58426619007172,0.17196746382223,0.340250376390345,-4.48247259917257,"Others"
"170","Q13885","TUBB2A",2099818.75,1649307.75,1016135.438,383253.7188,NA,189550.7969,8.50991672869576,16.2816839099793,1.59234829567501,0.170163703414025,0.340250376390345,-4.47477990699249,"Others"
"171","Q99798","ACO2",344930.4688,363749.25,606140.6875,127924.6484,NA,59869.54297,7.74777657709732,14.8187232065324,1.57972807664958,0.172988446456221,0.340250376390345,-4.4867889402767,"Others"
"172","P62258","YWHAE",400063.6563,797429.75,965889.4375,758913.75,136701.4375,208251.7188,1.27804661220057,18.7264344914232,1.56498321165782,0.176346683307461,0.34244065246914,-4.50079711402799,"Others"
"173","P22392","NME2",193478.8125,982337.125,447673.5,235992.4219,276197.3438,26543.625,1.87330329977139,17.8099397844939,1.52800355585399,0.185049911841679,0.355210750316787,-4.53581145346766,"Others"
"174","Q16555","DPYSL2",2193663.5,4074907.5,3606894.75,3699316.75,1305555.125,1275982.875,0.79577816153623,21.203968917385,1.53234839255666,0.184006185058656,0.355210750316787,-4.53170683651054,"Others"
"175","Q9Y2W1","THRAP3",837992.625,751653.9375,411731.6563,310154.3125,NA,72569.5625,7.81930364804084,15.3728945383051,1.52140661035414,0.186645577976526,0.356226417395198,-4.54203864742039,"Others"
"176","Q7L0J3","SV2A",144420.1563,418249.625,234853.9063,110563.7813,36806.34375,NA,7.24436751561037,14.2629298924932,1.50792201451992,0.189948576050145,0.360470593186071,-4.55474803953673,"Others"
"177","Q9NZI8","IGF2BP1",349665.7813,395961.375,495026.375,212801.3594,60906.66797,NA,7.44476098606031,14.9202107824034,1.48267392526337,0.196284587672799,0.370390125891045,-4.57847058293386,"Others"
"178","O75947","ATP5PD",158488.1094,278978.1875,379463.5,139449.5625,41682.51563,NA,7.15361466151812,14.3890018537113,1.46779702407169,0.200112117024861,0.374585615877645,-4.59240044537929,"Others"
"179","O95716","RAB3D",428133.5,1234519.5,909156.875,312943.7813,NA,157238.4375,7.73974769083405,15.7092579036455,1.46534037588085,0.200750973778738,0.374585615877645,-4.59469710547869,"Others"
"180","Q12765","SCRN1",348403.4375,409722.4688,1424210.625,624195.5,86973.32031,187360.5156,1.44033961211287,18.4453057216853,1.44107495005224,0.207166333794866,0.384408641597139,-4.61732487796414,"Others"
"181","P07197","NEFM",1104771.625,1721915.5,1295031.75,1714261.5,375092.125,584920.25,0.903843389550833,19.9132312892115,1.42664142048167,0.211074005101374,0.389495677921872,-4.63073269245666,"Others"
"182","P06733","ENO1",32682.6582,168756.8125,278644.5,147046.0469,NA,9639.158203,6.68272951735788,13.4749512229766,1.40764043201313,0.216324411716185,0.390553262233545,-4.64832116208961,"Others"
"183","P09471","GNAO1",661091.5625,889802.9375,928689.5,959910.5,369023.25,309327.6875,0.772593327043822,19.2545230254658,1.4110737098319,0.215366705473546,0.390553262233545,-4.64514850178683,"Others"
"184","P30040","ERP29",30859.66797,311057,141392.375,618483.25,203064.0469,266395.9063,-1.54117226309937,17.5271397156932,-1.41140595651848,0.215274237845378,0.390553262233545,-4.6448413476601,"Others"
"185","Q12906","ILF3",795038.75,484891.9375,195218.8281,159876.6094,138363.375,NA,7.2326642860747,15.0712392735203,1.40888602379714,0.215976494299478,0.390553262233545,-4.64717040177573,"Others"
"186","P08238","HSP90AB1",2318378.75,3810868.5,3200236.5,3456112.5,1811424.625,1416373,0.557645881864989,21.2598843217452,1.38986422924023,0.221347333107614,0.397473168053457,-4.66470860367787,"Others"
"187","P51991","HNRNPA3",397708.9688,399057.9375,641668.1875,303236.6563,165510.4063,415207.8438,0.762977176880771,18.4515346419079,1.37202462002632,0.226497759817486,0.4028250209605,-4.68108566938216,"Others"
"188","Q12860","CNTN1",393190.25,535716.375,536751.375,561446.75,186789.4375,181448.8906,0.85693880662205,18.4548243958654,1.3711954963816,0.226739832157407,0.4028250209605,-4.68184508592585,"Others"
"189","P00558","PGK1",68532.10938,514019.625,229012.2656,139746,NA,48821.61719,6.72444402969989,14.2514619485061,1.35852635472769,0.230468815997951,0.404480972370219,-4.69342940416037,"Others"
"190","P21579","SYT1",92982.98438,684568,375845,573039.0625,1214275.125,442661.375,-1.22882520486749,18.750850331774,-1.34761154478899,0.233727028944468,0.404480972370219,-4.70337933612739,"Others"
"191","P30086","PEBP1",198512.6875,363615.5938,455577.5,207910.4688,92687.03906,NA,6.90085741214126,14.8389971641803,1.3528381481593,0.232161526870887,0.404480972370219,-4.69861832068969,"Others"
"192","P49327","FASN",134854.3438,377466.5938,305422.9063,167242.6406,NA,72232.28906,6.7651772751306,14.5465779945975,1.3485304053497,0.23345109992644,0.404480972370219,-4.70254280499111,"Others"
"193","P53396","ACLY",177743.375,432517.625,308213.5,386476.75,81267.53125,31626.25977,1.52536878145516,17.3691230498801,1.358054638645,0.230608753658807,0.404480972370219,-4.69386000609281,"Others"
"194","P07900","HSP90AA1",314691.0313,903259.8125,864363.125,558703.5625,274273.8125,280643.5313,0.838090257263488,18.8375028329834,1.33763062625994,0.236743750915963,0.405149745955002,-4.71245269079755,"Others"
"195","P35637","FUS",987263.5625,324221.4375,964496.3125,279938.75,NA,325730.6875,7.23034598013845,15.7512001163824,1.33666413112732,0.237037776206693,0.405149745955002,-4.71332999824114,"Others"
"196","Q14103","HNRNPD",973403,1362313.375,1287217.875,1428232.125,670210.375,416717.0625,0.699121519582299,19.8391503629254,1.33431920965437,0.23775254553048,0.405149745955002,-4.71545756359737,"Others"
"197","P07602","PSAP",430215.8438,1066624.75,548123.9375,282340.5313,NA,318200.0625,7.13893713431698,15.6983555541073,1.32252715925829,0.241377169135005,0.409238449193359,-4.72613554081679,"Others"
"198","O76070","SNCG",226256.2656,550578.5625,336382.5938,372160.6875,NA,78456.45313,6.81758368162033,14.9971894745652,1.30915534408793,0.245548829610786,0.413813091933211,-4.73820059691915,"Others"
"199","P40227","CCT6A",310864.9375,466777.5,805779.1875,776641.75,37528.02734,137176.5313,1.62334762165909,18.0877723267521,1.30205013650154,0.247792270618689,0.413813091933211,-4.7445921761936,"Others"
"200","P61978","HNRNPK",1120732.375,2153126.5,1670376.125,4536854.5,1825501.75,1778996.75,-0.623333508874534,20.913585560975,-1.30268016324839,0.247592586796405,0.413813091933211,-4.74402597659202,"Others"
"201","P60842","EIF4A1",255784.1563,218335.7188,307909.8438,265686.75,NA,70033.375,6.60592454668468,14.6746781999546,1.29435753484021,0.250242302680434,0.41582551788689,-4.75149673617473,"Others"
"202","Q13151","HNRNPA0",305692.6875,390365.4375,128451.9141,275037.8438,99227.30469,36782.96094,1.31084922025588,17.2669343312376,1.28584144210406,0.25298037964891,0.418294291102652,-4.75912139149945,"Others"
"203","P22061","PCMT1",146162.9219,269938.6563,163596.7656,657827.5,344667,179309.5781,-0.885000747901433,17.9489332585122,-1.25748291246287,0.262295600219979,0.431560248637797,-4.78436224606293,"Others"
"204","P63313","TMSB10",13785.68262,940810,166760.2969,105125.8203,NA,46606.46094,6.2506378507788,13.8553337773501,1.23268779706538,0.270692966519972,0.44319338636113,-4.8062346225662,"Others"
"205","P07910","HNRNPC",472697.125,832282.75,409026.5313,530774.4375,274091.0938,NA,6.69235690521302,15.7068595433438,1.21687891057027,0.276172055914751,0.448033705478452,-4.82007933093149,"Others"
"206","Q9P1U1","ACTR3B",131752.9688,285916.9375,301476.0938,200380.2188,NA,123725.9141,6.26840992055269,14.6439341619947,1.21642117028147,0.276332165654375,0.448033705478452,-4.82047899741517,"Others"
"207","Q96AE4","FUBP1",319755.875,274250.625,174372.4688,1320481.625,460917,200012.8281,-0.997649057484772,18.4200170351173,-1.20325491960166,0.280973017119792,0.453357428589422,-4.83194529910488,"Others"
"208","P13639","EEF2",632455,816029.25,599287.75,961169.1875,327401.1875,141916.0781,0.93064498862827,18.9019309934275,1.18556826187278,0.287316030998739,0.457237187799301,-4.84725659058975,"Others"
"209","P27635","RPL10",334315.4688,301285.5,392559.6563,NA,216787.4375,337268.7813,6.34823854837996,15.2039432150014,1.18510334512392,0.28748445939477,0.457237187799301,-4.84765761889537,"Others"
"210","P50991","CCT4",98211.58594,706611.6875,374287.25,313199.7813,154784.5625,NA,6.34377699544939,15.0041017217022,1.19039851640085,0.285571291834015,0.457237187799301,-4.84308567705492,"Others"
"211","P29762","CRABP1",71475.42188,354429.1875,391095.3125,517552.75,NA,85989.73438,5.92141446435399,14.7517881554326,1.107779742082,0.31672803300427,0.501360962196332,-4.91325753423354,"Others"
"212","P45974","USP5",193891.5625,447252.3125,248347.5,353182.4375,293789.3125,NA,5.88771720824117,15.1420204252476,1.08287887313261,0.326676575962426,0.514669699865332,-4.93388823349891,"Others"
"213","Q13404","UBE2V1",NA,129936.9453,98009.22656,858178.1875,383410.1563,5752.567871,-5.72719513045955,14.0529668791138,-1.06355504154596,0.334578998201658,0.524645001874901,-4.94972008957903,"Others"
"214","Q92804","TAF15",8425185,4090868.5,3480471,6021196,3252985.75,1688178,0.619705290553917,21.9238489309695,1.05955560004249,0.336234577218614,0.524777330799145,-4.95297681948679,"Others"
"215","P38606","ATP6V1A",82559.10156,305153.125,547463.25,590873.125,NA,156800.5156,5.7278898828197,15.007635366825,1.04630861414397,0.341767495162243,0.530931829693902,-4.96371386740186,"Others"
"216","P0DP23;P0DP24;P0DP25","CALM1;CALM2;CALM3",29553.03711,612338.5,898853.375,1121736.125,77128.29688,NA,5.84015772106776,15.0308437049617,1.03391800405739,0.347011550932685,0.536582675979245,-4.97368626874692,"Others"
"217","P29992","GNA11",292139.9688,719214.5,80892.49219,534807.6875,254237.1875,NA,5.64387372717915,15.1500983950812,1.01707549694219,0.354247046004304,0.542745474153383,-4.98712990985657,"Others"
"218","P48643","CCT5",37658.27734,238515.8594,240838.1094,252836.4844,NA,124176.1563,5.35742282121243,14.3020084485553,1.01862672192683,0.353575458017806,0.542745474153383,-4.98589719113928,"Others"
"219","P68032","ACTC1",3505533.25,6585793,1006310.375,10388787,3121633.5,NA,6.48345999531899,18.2025280691111,0.976585532255938,0.372151416207707,0.564993513697155,-5.01890241186149,"Others"
"220","Q9UI15","TAGLN3",299994.4063,766720.125,676505.1875,1720100.5,621727,548084.875,-0.637787277303129,19.3557826028005,-0.977457758788968,0.371758085646419,0.564993513697155,-5.0182263435416,"Others"
"221","P30626","SRI",246063.1875,553774.125,757889.75,692259.5625,103919.5469,238163.4375,0.863856917965386,18.4078202991144,0.953372588190162,0.382743631370641,0.573829596818213,-5.03675523688792,"Others"
"222","P52272","HNRNPM",123596.7266,329953.1563,777853.875,518145,88635.04688,69725.86719,1.10276937731646,17.7207287236759,0.95254489274487,0.383125748773837,0.573829596818213,-5.037386777716,"Others"
"223","P68104","EEF1A1",2384999.75,5340824.5,3869879,4258704.5,2778696.5,1648637.75,0.445747412018758,21.5831419629459,0.953014420139233,0.382908947206973,0.573829596818213,-5.03702856608845,"Others"
"224","Q15819","UBE2V2",21727.64648,126693.2188,312958.5,954691.25,64090.65234,277085.7188,-1.43286160010984,17.2544035674214,-0.948540113679275,0.384978934972659,0.57403109053959,-5.04043751035307,"Others"
"225","P30101","PDIA3",399650.8125,451728.375,544370.9375,661218.875,127731.9844,287102.4375,0.67298774952031,18.4794116202985,0.929961545084973,0.393669926790026,0.584381135768306,-5.05448148384892,"Others"
"226","Q9NQC3","RTN4",27743.04688,705393.3125,804751.6875,50378.74219,138542.2969,115159.5781,1.43077536266728,17.2199946530201,0.918459568679218,0.399128100827525,0.589861883523865,-5.06308505454904,"Others"
"227","P08865","RPSA",NA,210702.6875,371501.0625,318274.5,53931.21094,116353.5234,-4.87969239298747,14.5024684404949,-0.899636627688287,0.408188742910238,0.600594890449425,-5.07701119864738,"Others"
"228","Q13813","SPTAN1",318030.7188,636654.5,427908.5313,574243.875,289379.5625,153538.6406,0.587914709828258,18.4613462534883,0.877690022809958,0.41895467026335,0.613731841526136,-5.09300202260184,"Others"
"229","P31942","HNRNPH3",902331.0625,621098.25,335900.7188,1523816.625,1278198.5,361852.2813,-0.634847621936519,19.4459047698545,-0.869191654454995,0.423181963913541,0.617217362214509,-5.0991213623775,"Others"
"230","P43243","MATR3",393823.4063,138895.25,376580.0313,804686.375,218074.9375,458125.5938,-0.654828266466517,18.3918947752255,-0.864483085896714,0.425538169686655,0.61795542902323,-5.10249406216904,"Others"
"231","P51149","RAB7A",105879.2891,535605.875,272238.125,646044.375,464415.0313,207787.1563,-0.671227918944048,18.2614154131434,-0.796385102507096,0.460735317295357,0.663299982657972,-5.14980803304316,"Others"
"232","Q16531","DDB1",56098.58203,304029.4063,357714.8125,213995.3438,76664.39844,62720.35547,0.85594304995718,17.0513660947238,0.799126514971279,0.459277942940078,0.663299982657972,-5.14795772374406,"Others"
"233","Q92945","KHSRP",386616.3125,1220310.875,964652.75,852544.1875,445050.7188,474974.2188,0.445497964149098,19.3302566389759,0.75977114746672,0.480523832316379,0.688819570788286,-5.17406506555175,"Others"
"234","P63104","YWHAZ",894459.6875,2278518.25,1318254.5,3014284.5,2131392.5,996679.9375,-0.417666707898135,20.6156741085704,-0.744525070466665,0.488940943517788,0.697890064679236,-5.18391071311282,"Others"
"235","Q00765","REEP5",532647.3125,709755.25,495775.3438,772172.3125,454643.5625,234684.8906,0.395267157271611,18.9287390200628,0.702308728221804,0.512786978411152,0.728812131018404,-5.21036429621988,"Others"
"236","P04899","GNAI2",496059.75,2275230.25,1132013.75,1178069,901348.5625,462116.0938,0.46019346788718,19.8193033879828,0.659297258025226,0.537886816588869,0.761246596358824,-5.23605136244762,"Others"
"237","P61088","UBE2N",503605.0625,1370379.625,1589125.125,1667648.25,482997.6875,518687,0.464110630362786,19.7439058699168,0.641457582088693,0.548531897048319,0.773036513139825,-5.24631830023187,"Others"
"238","P07195","LDHB",377334.8125,535155.125,917548.9375,804483.6875,276817.75,381962.0313,0.374385303886996,18.9336463393388,0.612118989835099,0.566332374086115,0.794768961952783,-5.2626955420048,"Others"
"239","P20674","COX5A",144049.25,570569.9375,764765.75,567356.9375,187628.0781,193266.4844,0.537085555251242,18.3324304396186,0.599235445806404,0.574263112113184,0.802526692241855,-5.26968435900573,"Others"
"240","P46821","MAP1B",505635.7188,1838790.25,614205.375,1143516.625,681863.1875,297582.7813,0.433107836835301,19.4455900632845,0.570071573246789,0.59246785925539,0.824517770797084,-5.28503775527543,"Others"
"241","Q8IYB3","SRRM1",113631.3203,372447.625,NA,4858.366211,6835.01123,NA,3.4384013750149,10.0476978532169,0.532143057829328,0.616655275241295,0.854617684359305,-5.30401542018825,"Others"
"242","Q16630","CPSF6",278729.8125,NA,751175.0625,13902.8252,NA,12637.08008,3.40620687081602,10.832664742492,0.492031121869329,0.6428421914612,0.887228479124136,-5.3228341844731,"Others"
"243","P46782","RPS5",125643.9141,314429.4688,254527.375,342851.2188,71458.57813,173396.4688,0.414350265570182,17.5124386070319,0.485050944463877,0.647460883128733,0.889925658292168,-5.32597486310788,"Others"
"244","O75874","IDH1",533675.0625,2141446.75,812669.25,1829109.5,1808636.25,585742.5,-0.353673863335636,20.0728603912015,-0.480276492081244,0.650630383533618,0.890617000410772,-5.32809992026493,"Others"
"245","P60709","ACTB",14140338,22928952,17420802,32097398,17539538,14123720,-0.164463046155628,24.1683276246673,-0.457814228210138,0.665652501704461,0.907460961507306,-5.33784310778112,"Others"
"246","Q14195","DPYSL3",1931804.375,2701812,2477264,5024819.5,2063878.625,1871700.875,-0.195385254986103,21.2601364582875,-0.450536623666172,0.670558058655145,0.910432486141539,-5.34090911037423,"Others"
"247","Q9BVA1","TUBB2B",978735.875,737059.4375,608717.4375,1313275.625,501308.25,395292.4688,0.251585046962955,19.4100076317671,0.444857312154908,0.674399129750116,0.911940523629712,-5.34327068880778,"Others"
"248","P11142","HSPA8",915851.625,1579696.5,1539613.75,1697017.125,1541899.75,1122386.25,-0.132959105228252,20.3831831511095,-0.407214196950045,0.700135669187092,0.942924651243906,-5.35822771298514,"Others"
"249","P38646","HSPA9",171724.25,987539,691277.875,561226.0625,451891.125,233141.0625,0.329145634084824,18.7361373935996,0.395271185407977,0.708398735451742,0.948724194892092,-5.36271770658109,"Others"
"250","Q9NWB6","ARGLU1",494440.3125,18579092,NA,119303.1641,97670.69531,NA,3.20755957083306,12.7504257156581,0.39278743978251,0.710122900368332,0.948724194892092,-5.36363586799097,"Others"
"251","Q04917","YWHAH",92896.67969,216508.4219,303290.75,512814.0625,28542.94531,149199.5625,0.493967419227427,17.2322736086099,0.38518795288297,0.715410376919914,0.95198034219622,-5.36641164700729,"Others"
"252","P54577","YARS1",26744.92969,NA,167190.75,2296994.25,NA,677260.25,-2.81416450120404,12.0931408728532,-0.366010452971085,0.728832779690248,0.965992652446599,-5.3731906733701,"Others"
"253","Q99497","PARK7",322509.0938,997459.9375,842248.3125,1459937.625,583341.5,516213.7813,-0.232766150236159,19.4199742174239,-0.34942795241532,0.74052778900877,0.977613760983909,-5.37878979154331,"Others"
"254","P40925","MDH1",690902,2007184.25,1020822.625,1860190.375,938900.25,508278.0313,0.22442449085769,19.9865104833895,0.343875159720189,0.744461826803235,0.978937992725514,-5.38060989809792,"Others"
"255","P31943","HNRNPH1",543792.5625,1887258.75,512899.9375,1264147,1584280,447498.6875,-0.25592537043697,19.7509232848265,-0.333717172304667,0.751681166723143,0.984554939943253,-5.38386797640028,"Others"
"256","O15230","LAMA5",1032501.063,2122327.25,NA,156727.2656,82762.74219,NA,2.46677082937626,12.4315911222762,0.314349795042396,0.765524419537078,0.998770141114781,-5.38982219307529,"Others"
"257","O00571","DDX3X",27468.41211,NA,174428.5938,369401.4375,NA,257227.8594,-1.4365677099005,11.4375584275696,-0.198282261363676,0.850372779977054,0.999919645204333,-5.41827894391939,"Others"
"258","O14531","DPYSL4",79974.51563,NA,267335.375,236279.0625,NA,90342.9375,0.00076294934740595,11.4381409898209,0.000105659392639686,0.999919645204333,0.999919645204333,-5.4372944641841,"Others"
"259","O14786","NRP1",1051921.125,772989.5625,NA,1118656.375,344848.375,NA,0.358581373495889,13.0089385626731,0.0439154099587194,0.966614788385436,0.999919645204333,-5.43635771254648,"Others"
"260","O15145","ARPC3",369385.1875,NA,263282.0625,607414.25,NA,130764.9766,0.097358094085573,12.1183294804225,0.0127543604401137,0.990300522709968,0.999919645204333,-5.43721543847285,"Others"
"261","O43390","HNRNPR",328549.2813,501673.25,NA,80686.96094,61634.51953,NA,1.6835352774701,11.578947699725,0.230456888522375,0.826563636050965,0.999919645204333,-5.41164731960773,"Others"
"262","O43602","DCX",1071793.25,NA,502192.5938,2187912.5,NA,275254.375,-0.0540182771157944,13.0168360219589,-0.00658993861711452,0.994988343332401,0.999919645204333,-5.43727337120836,"Others"
"263","O60341","KDM1A",36583.28125,NA,105942.5313,77846.74219,NA,143542.5313,-0.509208032585612,10.871894773513,-0.0740996154940735,0.943708108589783,0.999919645204333,-5.43462854383934,"Others"
"264","O75534","CSDE1",71748.9375,NA,398242.9063,70077.09375,NA,146681.5313,0.491656420724588,11.3321660282037,0.0685837846865957,0.947890224379445,0.999919645204333,-5.43501045895783,"Others"
"265","O95197","RTN3",34765.43359,NA,154531.0156,268627.1875,NA,41802.26563,-0.354541833865538,10.9515888161207,-0.0509432924855427,0.961277207600195,0.999919645204333,-5.43603399532194,"Others"
"266","O95298","NDUFC2",71887.15625,NA,293725.1563,307193.5625,NA,346096.6563,-0.777344700214623,11.8211985834374,-0.104299232966936,0.920850751961209,0.999919645204333,-5.43201596471167,"Others"
"267","P04843","RPN1",441796.0625,NA,808469.4375,249724.4688,NA,121232.2422,1.18681684721434,12.1992115084854,0.154588767846942,0.882989547705624,0.999919645204333,-5.42571578643857,"Others"
"268","P06576","ATP5F1B",229728.5156,NA,258765.2344,485525.125,NA,64514.52734,0.308106115791189,11.7762357925988,0.0414045455173695,0.968522248348913,0.999919645204333,-5.43646174810124,"Others"
"269","P07858","CTSB",272632.0625,NA,362205.0313,319549.0625,NA,81497.92969,0.640958704014354,11.8538713307961,0.0857915251931958,0.934850194666628,0.999919645204333,-5.43372164171424,"Others"
"270","P09104","ENO2",328482.5313,801506.9375,929261.1875,1082985.625,318110.625,598755,0.0820595772043156,19.2134852039448,0.121525556835045,0.907849320819656,0.999919645204333,-5.43013153537072,"Others"
"271","P09211","GSTP1",314107.625,NA,233797.4375,216300.0781,NA,70180.0625,0.75811143185398,11.6528808824355,0.103212615395112,0.921671848690987,0.999919645204333,-5.4321252443834,"Others"
"272","P09496","CLTA",102978.7891,536341.25,NA,240437.0625,133393.7813,NA,0.261382533314094,11.76424075824,0.0352041143708076,0.97323359103463,0.999919645204333,-5.43669244507761,"Others"
"273","P09669","COX6C",37506.20703,NA,324860.5625,2044139.5,NA,791119.5,-2.35075170506457,12.3434911010259,-0.300211841827829,0.775692644225594,0.999919645204333,-5.39395384804522,"Others"
"274","P0DMV8;P0DMV9","HSPA1A;HSPA1B",1419421.5,2525869,3483210,3410097,2147017.75,2078536,-0.0950713605796096,21.1932716957727,-0.233314746022747,0.824458474359509,0.999919645204333,-5.41101123852982,"Others"
"275","P10176","COX8A",110447.5391,NA,72017.91406,518846.375,NA,26446.97852,-0.262239163730587,11.09415392729,-0.0370566742374505,0.971825801536899,0.999919645204333,-5.43662742701158,"Others"
"276","P10606","COX5B",373183.75,NA,650112.625,759171.6875,NA,535141.375,-0.24792297994372,12.7305824471651,-0.0310396312466797,0.976398638593726,0.999919645204333,-5.43682643910696,"Others"
"277","P11137","MAP2",354991.0938,NA,561140.5625,136727.0313,NA,72454.85156,1.44322283613367,11.790199454217,0.194205788984734,0.853402814273149,0.999919645204333,-5.41904946337344,"Others"
"278","P13073","COX4I1",36127.78125,NA,404413.7188,977842.75,NA,482417.75,-1.67094464559875,12.0909179721217,-0.217907997127011,0.835826567251617,0.999919645204333,-5.41434970477529,"Others"
"279","P17174","GOT1",97700.42969,NA,325275.6563,119836.5391,NA,69956.09375,0.640832234860561,11.3087171551581,0.0897609753010449,0.931845231593629,0.999919645204333,-5.43338368542642,"Others"
"280","P17677","GAP43",64991.05859,176437.6094,59278.64844,235511.8438,68091.75,68104.89063,-0.228039964230252,16.5380306039736,-0.238106314425702,0.820932624577984,0.999919645204333,-5.40992761635906,"Others"
"281","P17858","PFKL",26089.37695,NA,334195.3125,56844.45703,NA,35081.98047,0.709441774805448,10.6524679316063,0.104439439664789,0.920744813568727,0.999919645204333,-5.43200178136236,"Others"
"282","P20073","ANXA7",326125.0625,NA,222237.9844,469877.125,NA,31148.29688,0.769327847417328,11.6409436095184,0.104047472977407,0.921040983225756,0.999919645204333,-5.43204138523722,"Others"
"283","P24534","EEF1B2",NA,252286.2188,216341,246348.8906,99088.79688,NA,0.386954547767536,11.6957433398794,0.0525485291733403,0.960058360587166,0.999919645204333,-5.43595333352943,"Others"
"284","P25786","PSMA1",37439.73438,NA,37305.92578,451340.4375,NA,144912.0469,-1.84973690106888,11.0513607751913,-0.264239528002044,0.801788392371199,0.999919645204333,-5.40364081230079,"Others"
"285","P26639","TARS1",NA,180278.2031,305114.8125,24632.65234,NA,90649.3125,1.54083452550564,11.1225396958265,0.218791503006036,0.835173409560389,0.999919645204333,-5.41416428300468,"Others"
"286","P27348","YWHAQ",370135.1875,1093288.25,975983,1508339.25,651220.125,501939.5938,-0.10667906729341,19.5381523171147,-0.162253788651923,0.87724667004827,0.999919645204333,-5.42454263299476,"Others"
"287","P30048","PRDX3",2617650.75,NA,251949.3438,547211.75,NA,12949.75977,2.18004340235179,11.9975188467987,0.281691131107339,0.789089451611153,0.999919645204333,-5.39908994818475,"Others"
"288","P31946","YWHAB",931138.3125,1696815.25,1199147.75,1945955.75,1150107.25,725934.625,0.0739156954959448,20.2019140253335,0.159226702717407,0.879513668347177,0.999919645204333,-5.42501264105785,"Others"
"289","P31948","STIP1",476295.0938,1248456.5,718865.5,1578054.375,531864.5625,444271.6563,0.0656914971576832,19.4900138577631,0.0984528415109645,0.92526982326626,0.999919645204333,-5.43259050512493,"Others"
"290","P41250","GARS1",149472.1875,NA,814633.625,591400,NA,295480.625,-0.173721749082979,12.3619678083479,-0.0223046980413559,0.98303878025206,0.999919645204333,-5.43705278059778,"Others"
"291","P42574","CASP3",254464.4063,422389.2813,NA,2912835.75,839378.875,NA,-1.5025435452437,12.9663808157659,-0.18425363577334,0.860812058593874,0.999919645204333,-5.42086445291697,"Others"
"292","P42704","LRPPRC",131856.5,NA,267239.5625,184290.9375,NA,73140.24219,0.462122881182001,11.4477384203819,0.0640188793644928,0.951352779268791,0.999919645204333,-5.43530424802781,"Others"
"293","P46459","NSF",47068.62109,NA,145720.2188,294068.75,NA,62454.9375,-0.473663303787671,11.128618338628,-0.0672090934786667,0.948932817955911,0.999919645204333,-5.4351010557805,"Others"
"294","P46783","RPS10",22788.55469,47201.82031,56443.76953,37718.67969,46792.12891,24748.86523,0.158350300227857,15.1832324612185,0.166586457164829,0.87400422000294,0.999919645204333,-5.42385469751053,"Others"
"295","P49591","SARS1",90628.10156,NA,183084.9531,367512.2188,NA,100627.3516,-0.385421860672077,11.5093270451325,-0.0530668129016413,0.959664856724502,0.999919645204333,-5.43592675650399,"Others"
"296","P49721","PSMB2",30574.67188,256288.3906,NA,196774.0625,33871.54688,NA,0.0778313646025985,10.9169212554189,0.0111883420344325,0.991491390019592,0.999919645204333,-5.43723365412217,"Others"
"297","P50213","IDH3A",1210589.5,NA,198791.9375,1315860.75,NA,182551.7813,0.00088528914725039,12.6022861827103,0.000111135148931225,0.999915480848805,0.999919645204333,-5.43729446360736,"Others"
"298","P54727","RAD23B",29934.26563,349641.6875,99309.11719,416411.0938,78732.89844,19472.63477,0.234383010554275,16.5110529405985,0.147637115600965,0.888204950311243,0.999919645204333,-5.42673119749627,"Others"
"299","P55060","CSE1L",282010.5938,32365190,NA,211200.375,660971.0625,NA,2.01028172025539,13.3459706835585,0.234615678860911,0.823500725739519,0.999919645204333,-5.4107191539558,"Others"
"300","P56381;Q5VTU8","ATP5F1E;ATP5F1EP2",272825.5313,NA,240567.4844,92963.33594,NA,75957.53125,1.07213280800238,11.4418377798365,0.148717445422626,0.887394019530173,0.999919645204333,-5.42657643050332,"Others"
"301","P61019","RAB2A",14875.3623,NA,104919.2578,46878.44531,NA,18652.25586,0.278620057382502,10.0405792714913,0.0435226859297362,0.966913117802976,0.999919645204333,-5.4363743883638,"Others"
"302","P61764","STXBP1",211175.8594,NA,491315.8438,728454.75,NA,453961.9375,-0.557436800808535,12.4768472012739,-0.0711093204348967,0.94597511409846,0.999919645204333,-5.43483924762104,"Others"
"303","P62081","RPS7",155550.1406,NA,47284.80078,112244.1797,NA,10422.61328,0.884095682119082,10.4833351110974,0.132017329330865,0.899946298982764,0.999919645204333,-5.42884390519199,"Others"
"304","P62318","SNRPD3",880021.5,NA,859383.1875,1054698.125,NA,144688.6719,0.769707368132535,12.7685211796978,0.0957006712833291,0.927351146797896,0.999919645204333,-5.43284954895917,"Others"
"305","P62714","PPP2CB",30002.55273,NA,40223.03516,404306.625,NA,73269.0625,-1.53913806556234,10.8257743380613,-0.223922289711254,0.831383292123715,0.999919645204333,-5.41307298188792,"Others"
"306","P62937","PPIA",392113.9688,775407.375,266929.9688,1838769.75,485143.6875,151468.4219,-0.245137213452082,18.8464423239192,-0.233103648979901,0.824613916721759,0.999919645204333,-5.41105848453677,"Others"
"307","P63010","AP2B1",81478.72656,NA,470470.2188,99163.10156,NA,86778.79688,0.718432849412119,11.3600837290025,0.100008075183175,0.9240939764869,0.999919645204333,-5.43244088792345,"Others"
"308","P68400","CSNK2A1",291173.0625,NA,355290.125,693246.375,NA,215613.3438,-0.176979968905901,12.2852114669766,-0.0229093411899225,0.982579084572438,0.999919645204333,-5.43703950021584,"Others"
"309","P78344","EIF4G2",16326.13184,NA,241527.5,256737.4531,NA,231481.8125,-1.30455591762575,11.2778838475681,-0.181662558630107,0.862743759049166,0.999919645204333,-5.42132157548996,"Others"
"310","Q01082","SPTBN1",702973.75,319812,358348.5625,1242425.25,219257.2656,289891.5313,0.00961044693808688,18.715524933403,0.011593775489215,0.991183078568574,0.999919645204333,-5.43722916677469,"Others"
"311","Q10567","AP1B1",277617.625,NA,1559041.25,512029.2188,NA,433552.9375,0.321084011819485,12.7244491369705,0.0401084116539993,0.969506992123152,0.999919645204333,-5.43651305789879,"Others"
"312","Q14847","LASP1",78250.55469,NA,55139.71094,362120.375,NA,62065.76953,-0.79366173549054,11.0657182154429,-0.113247182903226,0.914093597805053,0.999919645204333,-5.43107280011172,"Others"
"313","Q14974","KPNB1",83737.4375,NA,297207.9688,298671.875,NA,208102.5,-0.440142631159539,11.7316448172545,-0.059528618834295,0.954759892399109,0.999919645204333,-5.43557353461624,"Others"
"314","Q15029","EFTUD2",748902.625,2179212.5,3891764,1762759.75,1326889.5,1957550.375,0.157382650818807,20.7419052842616,0.243407724479237,0.817037142288224,0.999919645204333,-5.40870369170876,"Others"
"315","Q15084","PDIA6",121923.9922,NA,300741.4375,363510.125,NA,130327.3828,-0.123209494890654,11.7595391769965,-0.0166258474058749,0.987356607724826,0.999919645204333,-5.437160179886,"Others"
"316","Q15691","MAPRE1",134334.0156,365981.6563,NA,690808.4375,238529.75,NA,-0.581617455971729,12.1297726064674,-0.0761343186771027,0.942165898121076,0.999919645204333,-5.43448022466198,"Others"
"317","Q15717","ELAVL1",121928.4531,NA,101100.8047,105390.6328,NA,104606.0234,0.0537051203528716,11.1468595605817,0.00764764100474396,0.994183976741856,0.999919645204333,-5.43726605504292,"Others"
"318","Q16181","SEPTIN7",82283.4375,199613.4219,NA,127917.4063,83305.46875,NA,0.208061053667532,11.2076989432165,0.0294351336568831,0.97761820614083,0.999919645204333,-5.43687357060549,"Others"
"319","Q5TZA2","CROCC",3034727.25,NA,3634161.75,7015516.5,NA,2653774.25,-0.251801785978854,14.5680100603322,-0.0276503652172805,0.978974876874514,0.999919645204333,-5.43692306038899,"Others"
"320","Q7L099","RUFY3",19933.0625,NA,176740.5625,519052.1875,NA,312408.125,-1.84145665563274,11.4921383126403,-0.252244837049931,0.810556849173291,0.999919645204333,-5.40660523050637,"Others"
"321","Q86VP6","CAND1",599578.6875,NA,1607790.5,461334.8125,NA,25196.40039,2.12459861266731,12.2077809873056,0.273231454542784,0.795236384049201,0.999919645204333,-5.40133109302606,"Others"
"322","Q8WVM7","STAG1",413873.1563,NA,1218119.5,208624.8594,NA,214493.875,1.16463864850387,12.3760333638339,0.149572121774205,0.886752581197494,0.999919645204333,-5.42645319903082,"Others"
"323","Q92499","DDX1",31014.1875,NA,215819.5313,192791.0781,NA,23191.66797,0.194030800530747,10.7830378722409,0.028191512798252,0.978563521233714,0.999919645204333,-5.4369083817032,"Others"
"324","Q92841","DDX17",16441.20313,NA,167595.2188,631048.125,NA,175127.8438,-1.77523463560761,11.3408660099161,-0.245656964002446,0.815386181808001,0.999919645204333,-5.40817649029227,"Others"
"325","Q96SI9","STRBP",1275063.5,1012841.438,NA,449621.1875,391764.875,NA,0.958043737367198,12.9316838403865,0.118109180469291,0.910425375283258,0.999919645204333,-5.43052797657332,"Others"
"326","Q99460","PSMD1",94675.85938,327091.4063,NA,84938.42188,74366.78906,NA,0.764508680043946,11.2344333167537,0.107770434302953,0.918228505090731,0.999919645204333,-5.43165924228551,"Others"
"327","Q99873","PRMT1",263236.9063,NA,834290.8125,435194.75,NA,101618.2891,0.770693531777194,12.1733866636115,0.100366107115546,0.923823314312414,0.999919645204333,-5.43240611385263,"Others"
"328","Q9H299","SH3BGRL3",56687.93359,NA,222352.9688,261482.5156,NA,40209.92188,0.0872059581687505,11.140823067447,0.0123354053816993,0.99061911140168,0.999919645204333,-5.43722054513741,"Others"
"329","Q9NQH7","XPNPEP3",508949.6563,NA,941335,1245605.375,NA,559559.4375,-0.180278243587537,13.0239779583763,-0.0220657560473794,0.983220444167504,0.999919645204333,-5.4370579308247,"Others"
"330","Q9NSK0","KLC4",54368.81641,NA,78608.42188,647606.8125,NA,343741.2813,-1.90093190052761,11.6147769354247,-0.259172473368862,0.805488644981695,0.999919645204333,-5.40490939368285,"Others"
"331","Q9NVH1","DNAJC11",451306.5313,1153567.5,NA,464982.2188,126731.4531,NA,1.04772598759262,12.4499448638697,0.133610287901698,0.898747500957577,0.999919645204333,-5.42863915904439,"Others"
"332","Q9UJ70","NAGK",125977.5625,512432.125,NA,529138.9375,537987.625,NA,-0.71356099597209,12.326721478456,-0.0919744273432192,0.930170148776336,0.999919645204333,-5.43318862091564,"Others"
"333","Q9ULU8","CADPS",640142.625,NA,180481.4531,1359641.75,NA,121139.7969,-0.17052877304678,12.3351094400808,-0.0218416444096593,0.98339083383033,0.999919645204333,-5.43706271099268,"Others"
"334","Q9Y3E1","HDGFL3",859158.3125,1545039.625,NA,449052.5938,168572.0156,NA,1.37741242899633,12.7352202818603,0.171993531551417,0.869961616089068,0.999919645204333,-5.4229710686991,"Others"
